onset_beat,duration_beat,onset_quarter,duration_quarter,onset_div,duration_div,pitch,voice,id,divs_pq
0.0,0.5,0.0,0.5,0,1,50,1,P03_p3n0,2
0.0,0.5,0.0,0.5,0,1,62,1,P00_p0n0,2
0.0,0.5,0.0,0.5,0,1,62,1,P01_p1n0,2
0.0,0.5,0.0,0.5,0,1,62,1,P02_p2n0,2
0.5,0.5,0.5,0.5,1,1,50,1,P03_p3n1,2
0.5,0.5,0.5,0.5,1,1,62,1,P01_p1n1,2
0.5,0.5,0.5,0.5,1,1,62,1,P00_p0n1,2
0.5,0.5,0.5,0.5,1,1,62,1,P02_p2n1,2
1.0,0.5,1.0,0.5,2,1,50,1,P03_p3n2,2
1.0,0.5,1.0,0.5,2,1,62,1,P01_p1n2,2
1.0,0.5,1.0,0.5,2,1,62,1,P02_p2n2,2
1.0,0.5,1.0,0.5,2,1,64,1,P00_p0n2,2
1.5,0.5,1.5,0.5,3,1,50,1,P03_p3n3,2
1.5,0.5,1.5,0.5,3,1,62,1,P01_p1n3,2
1.5,0.5,1.5,0.5,3,1,62,1,P02_p2n3,2
1.5,0.5,1.5,0.5,3,1,66,1,P00_p0n3,2
2.0,1.0,2.0,1.0,4,2,50,1,P03_p3n4,2
2.0,1.0,2.0,1.0,4,2,59,1,P02_p2n4,2
2.0,1.0,2.0,1.0,4,2,62,1,P01_p1n4,2
2.0,1.0,2.0,1.0,4,2,67,1,P00_p0n4,2
3.0,1.0,3.0,1.0,6,2,50,1,P03_p3n5,2
3.0,1.0,3.0,1.0,6,2,57,1,P02_p2n5,2
3.0,1.0,3.0,1.0,6,2,62,1,P01_p1n5,2
3.0,1.0,3.0,1.0,6,2,66,1,P00_p0n5,2
4.0,0.5,4.0,0.5,8,1,62,1,P01_p1n6,2
4.0,0.5,4.0,0.5,8,1,62,1,P03_p3n6,2
4.0,0.5,4.0,0.5,8,1,62,1,P02_p2n6,2
4.0,0.5,4.0,0.5,8,1,66,1,P00_p0n6,2
4.5,0.5,4.5,0.5,9,1,62,1,P01_p1n7,2
4.5,0.5,4.5,0.5,9,1,62,1,P03_p3n7,2
4.5,0.5,4.5,0.5,9,1,62,1,P02_p2n7,2
4.5,0.5,4.5,0.5,9,1,66,1,P00_p0n7,2
5.0,0.5,5.0,0.5,10,1,62,1,P03_p3n8,2
5.0,0.5,5.0,0.5,10,1,62,1,P02_p2n8,2
5.0,0.5,5.0,0.5,10,1,64,1,P01_p1n8,2
5.0,0.5,5.0,0.5,10,1,67,1,P00_p0n8,2
5.5,0.5,5.5,0.5,11,1,62,1,P03_p3n9,2
5.5,0.5,5.5,0.5,11,1,62,1,P02_p2n9,2
5.5,0.5,5.5,0.5,11,1,66,1,P01_p1n9,2
5.5,0.5,5.5,0.5,11,1,69,1,P00_p0n9,2
6.0,2.0,6.0,2.0,12,4,59,1,P03_p3n10,2
6.0,2.0,6.0,2.0,12,4,62,1,P02_p2n10,2
6.0,2.0,6.0,2.0,12,4,66,1,P01_p1n10,2
6.0,2.0,6.0,2.0,12,4,71,1,P00_p0n10,2
8.0,1.0,8.0,1.0,16,2,59,1,P03_p3n11,2
8.0,1.0,8.0,1.0,16,2,62,1,P02_p2n11,2
8.0,1.0,8.0,1.0,16,2,66,1,P01_p1n11,2
8.0,1.0,8.0,1.0,16,2,69,1,P00_p0n11,2
9.5,0.5,9.5,0.5,19,1,69,1,P00_p0n13,2
10.0,0.5,10.0,0.5,20,1,71,1,P00_p0n14,2
10.5,1.0,10.5,1.0,21,2,69,1,P00_p0n15,2
11.5,0.5,11.5,0.5,23,1,67,1,P00_p0n16,2
12.0,0.5,12.0,0.5,24,1,66,1,P00_p0n17,2
12.5,1.0,12.5,1.0,25,2,66,1,P00_p0n18,2
13.5,0.5,13.5,0.5,27,1,50,1,P03_p3n18,2
13.5,0.5,13.5,0.5,27,1,57,1,P02_p2n16,2
13.5,0.5,13.5,0.5,27,1,62,1,P01_p1n16,2
13.5,1.0,13.5,1.0,27,2,62,1,P00_p0n19,2
14.0,0.5,14.0,0.5,28,1,50,1,P03_p3n19,2
14.0,0.5,14.0,0.5,28,1,59,1,P02_p2n17,2
14.0,0.5,14.0,0.5,28,1,62,1,P01_p1n17,2
14.5,1.0,14.5,1.0,29,2,50,1,P03_p3n20,2
14.5,1.0,14.5,1.0,29,2,57,1,P02_p2n18,2
14.5,1.0,14.5,1.0,29,2,62,1,P01_p1n18,2
14.5,1.0,14.5,1.0,29,2,62,1,P00_p0n21,2
14.5,1.0,14.5,1.0,29,2,66,1,P00_p0n22,2
15.5,0.5,15.5,0.5,31,1,45,1,P03_p3n21,2
15.5,0.5,15.5,0.5,31,1,55,1,P02_p2n19,2
15.5,0.5,15.5,0.5,31,1,61,1,P00_p0n23,2
15.5,0.5,15.5,0.5,31,1,61,1,P01_p1n19,2
15.5,0.5,15.5,0.5,31,1,64,1,P00_p0n24,2
16.0,0.5,16.0,0.5,32,1,50,1,P03_p3n22,2
16.0,0.5,16.0,0.5,32,1,54,1,P02_p2n20,2
16.0,0.5,16.0,0.5,32,1,57,1,P01_p1n20,2
16.0,0.5,16.0,0.5,32,1,62,1,P00_p0n25,2
16.5,1.0,16.5,1.0,33,2,50,1,P03_p3n23,2
16.5,1.0,16.5,1.0,33,2,54,1,P02_p2n21,2
16.5,1.0,16.5,1.0,33,2,57,1,P01_p1n21,2
16.5,1.0,16.5,1.0,33,2,62,1,P00_p0n26,2
18.0,0.5,18.0,0.5,36,1,50,1,P03_p3n25,2
18.0,0.5,18.0,0.5,36,1,54,1,P02_p2n23,2
18.0,0.5,18.0,0.5,36,1,62,1,P00_p0n28,2
18.0,0.5,18.0,0.5,36,1,62,1,P01_p1n23,2
18.5,0.5,18.5,0.5,37,1,50,1,P03_p3n26,2
18.5,0.5,18.5,0.5,37,1,54,1,P02_p2n24,2
18.5,0.5,18.5,0.5,37,1,62,1,P00_p0n29,2
18.5,0.5,18.5,0.5,37,1,62,1,P01_p1n24,2
19.0,0.5,19.0,0.5,38,1,50,1,P03_p3n27,2
19.0,0.5,19.0,0.5,38,1,55,1,P02_p2n25,2
19.0,0.5,19.0,0.5,38,1,62,1,P01_p1n25,2
19.0,0.5,19.0,0.5,38,1,64,1,P00_p0n30,2
19.5,0.5,19.5,0.5,39,1,50,1,P03_p3n28,2
19.5,0.5,19.5,0.5,39,1,57,1,P02_p2n26,2
19.5,0.5,19.5,0.5,39,1,62,1,P01_p1n26,2
19.5,0.5,19.5,0.5,39,1,66,1,P00_p0n31,2
20.0,1.0,20.0,1.0,40,2,50,1,P03_p3n29,2
20.0,1.0,20.0,1.0,40,2,59,1,P02_p2n27,2
20.0,1.0,20.0,1.0,40,2,62,1,P01_p1n27,2
20.0,1.0,20.0,1.0,40,2,67,1,P00_p0n32,2
21.0,1.0,21.0,1.0,42,2,50,1,P03_p3n30,2
21.0,1.0,21.0,1.0,42,2,57,1,P02_p2n28,2
21.0,1.0,21.0,1.0,42,2,62,1,P01_p1n28,2
21.0,1.0,21.0,1.0,42,2,66,1,P00_p0n33,2
22.0,0.5,22.0,0.5,44,1,62,1,P03_p3n31,2
22.0,0.5,22.0,0.5,44,1,62,1,P01_p1n29,2
22.0,0.5,22.0,0.5,44,1,62,1,P02_p2n29,2
22.0,0.5,22.0,0.5,44,1,66,1,P00_p0n34,2
22.5,0.5,22.5,0.5,45,1,62,1,P03_p3n32,2
22.5,0.5,22.5,0.5,45,1,62,1,P02_p2n30,2
22.5,0.5,22.5,0.5,45,1,62,1,P01_p1n30,2
22.5,0.5,22.5,0.5,45,1,66,1,P00_p0n35,2
23.0,0.5,23.0,0.5,46,1,62,1,P03_p3n33,2
23.0,0.5,23.0,0.5,46,1,62,1,P02_p2n31,2
23.0,0.5,23.0,0.5,46,1,64,1,P01_p1n31,2
23.0,0.5,23.0,0.5,46,1,67,1,P00_p0n36,2
23.5,0.5,23.5,0.5,47,1,62,1,P03_p3n34,2
23.5,0.5,23.5,0.5,47,1,62,1,P02_p2n32,2
23.5,0.5,23.5,0.5,47,1,66,1,P01_p1n32,2
23.5,0.5,23.5,0.5,47,1,69,1,P00_p0n37,2
24.0,2.0,24.0,2.0,48,4,59,1,P03_p3n35,2
24.0,2.0,24.0,2.0,48,4,62,1,P02_p2n33,2
24.0,2.0,24.0,2.0,48,4,66,1,P01_p1n33,2
24.0,2.0,24.0,2.0,48,4,71,1,P00_p0n38,2
26.0,1.0,26.0,1.0,52,2,54,1,P03_p3n36,2
26.0,1.0,26.0,1.0,52,2,61,1,P02_p2n34,2
26.0,1.0,26.0,1.0,52,2,66,1,P01_p1n34,2
26.0,1.0,26.0,1.0,52,2,69,1,P00_p0n39,2
27.5,0.5,27.5,0.5,55,1,66,1,P01_p1n36,2
27.5,0.5,27.5,0.5,55,1,69,1,P00_p0n41,2
28.0,0.5,28.0,0.5,56,1,68,1,P01_p1n37,2
28.0,0.5,28.0,0.5,56,1,71,1,P00_p0n42,2
28.5,0.5,28.5,0.5,57,1,66,1,P01_p1n38,2
28.5,0.5,28.5,0.5,57,1,69,1,P00_p0n43,2
29.0,0.5,29.0,0.5,58,1,61,1,P01_p1n39,2
29.0,0.5,29.0,0.5,58,1,67,1,P00_p0n44,2
29.5,0.5,29.5,0.5,59,1,66,1,P01_p1n40,2
29.5,0.5,29.5,0.5,59,1,66,1,P00_p0n45,2
30.0,0.5,30.0,0.5,60,1,61,1,P02_p2n37,2
30.0,0.5,30.0,0.5,60,1,69,1,P01_p1n41,2
30.0,0.5,30.0,0.5,60,1,73,1,P00_p0n46,2
30.5,0.5,30.5,0.5,61,1,61,1,P02_p2n38,2
30.5,1.5,30.5,1.5,61,3,69,1,P01_p1n42,2
30.5,1.5,30.5,1.5,61,3,73,1,P00_p0n47,2
31.0,0.5,31.0,0.5,62,1,62,1,P02_p2n39,2
31.5,0.5,31.5,0.5,63,1,63,1,P02_p2n40,2
32.0,0.5,32.0,0.5,64,1,64,1,P02_p2n41,2
32.0,0.5,32.0,0.5,64,1,68,1,P01_p1n43,2
32.0,0.5,32.0,0.5,64,1,71,1,P00_p0n48,2
32.5,1.5,32.5,1.5,65,3,64,1,P02_p2n42,2
32.5,1.5,32.5,1.5,65,3,68,1,P01_p1n44,2
32.5,1.5,32.5,1.5,65,3,71,1,P00_p0n49,2
34.0,0.5,34.0,0.5,68,1,57,1,P03_p3n41,2
34.0,0.5,34.0,0.5,68,1,64,1,P02_p2n43,2
34.0,0.5,34.0,0.5,68,1,69,1,P01_p1n45,2
34.0,0.5,34.0,0.5,68,1,73,1,P00_p0n50,2
34.5,1.5,34.5,1.5,69,3,57,1,P03_p3n42,2
34.5,1.5,34.5,1.5,69,3,64,1,P02_p2n44,2
34.5,1.5,34.5,1.5,69,3,69,1,P01_p1n46,2
34.5,1.5,34.5,1.5,69,3,73,1,P00_p0n51,2
36.0,0.5,36.0,0.5,72,1,69,1,P01_p1n47,2
36.0,0.5,36.0,0.5,72,1,69,1,P00_p0n52,2
36.5,0.5,36.5,0.5,73,1,69,1,P01_p1n48,2
36.5,0.5,36.5,0.5,73,1,69,1,P00_p0n53,2
37.0,0.5,37.0,0.5,74,1,69,1,P01_p1n49,2
37.0,0.5,37.0,0.5,74,1,69,1,P00_p0n54,2
37.5,0.5,37.5,0.5,75,1,69,1,P01_p1n50,2
37.5,0.5,37.5,0.5,75,1,69,1,P00_p0n55,2
38.0,0.5,38.0,0.5,76,1,57,1,P03_p3n44,2
38.0,0.5,38.0,0.5,76,1,57,1,P02_p2n46,2
38.0,1.0,38.0,1.0,76,2,67,1,P01_p1n51,2
38.0,1.0,38.0,1.0,76,2,69,1,P01_p1n52,2
38.0,1.0,38.0,1.0,76,2,76,1,P00_p0n56,2
38.5,0.5,38.5,0.5,77,1,57,1,P02_p2n47,2
38.5,0.5,38.5,0.5,77,1,57,1,P03_p3n45,2
39.0,0.5,39.0,0.5,78,1,57,1,P03_p3n46,2
39.0,0.5,39.0,0.5,78,1,57,1,P02_p2n48,2
39.0,1.0,39.0,1.0,78,2,66,1,P01_p1n53,2
39.0,1.0,39.0,1.0,78,2,69,1,P01_p1n54,2
39.0,1.0,39.0,1.0,78,2,74,1,P00_p0n57,2
39.5,0.5,39.5,0.5,79,1,57,1,P03_p3n47,2
39.5,0.5,39.5,0.5,79,1,57,1,P02_p2n49,2
40.0,1.0,40.0,1.0,80,2,57,1,P03_p3n48,2
40.0,0.5,40.0,0.5,80,1,64,1,P02_p2n50,2
40.0,0.5,40.0,0.5,80,1,67,1,P01_p1n55,2
40.0,0.5,40.0,0.5,80,1,73,1,P00_p0n58,2
40.5,1.0,40.5,1.0,81,2,62,1,P02_p2n51,2
40.5,1.0,40.5,1.0,81,2,66,1,P01_p1n56,2
40.5,1.0,40.5,1.0,81,2,71,1,P00_p0n59,2
41.0,0.5,41.0,0.5,82,1,57,1,P03_p3n49,2
41.5,0.5,41.5,0.5,83,1,57,1,P03_p3n50,2
41.5,0.5,41.5,0.5,83,1,61,1,P02_p2n52,2
41.5,0.5,41.5,0.5,83,1,64,1,P01_p1n57,2
41.5,0.5,41.5,0.5,83,1,69,1,P00_p0n60,2
42.0,0.5,42.0,0.5,84,1,58,1,P03_p3n51,2
42.0,0.5,42.0,0.5,84,1,61,1,P02_p2n53,2
42.0,0.5,42.0,0.5,84,1,64,1,P01_p1n58,2
42.0,0.5,42.0,0.5,84,1,67,1,P00_p0n61,2
42.5,0.5,42.5,0.5,85,1,59,1,P03_p3n52,2
42.5,0.5,42.5,0.5,85,1,62,1,P02_p2n54,2
42.5,0.5,42.5,0.5,85,1,62,1,P01_p1n59,2
42.5,0.5,42.5,0.5,85,1,66,1,P00_p0n62,2
43.0,0.5,43.0,0.5,86,1,59,1,P03_p3n53,2
43.0,0.5,43.0,0.5,86,1,62,1,P02_p2n55,2
43.0,0.5,43.0,0.5,86,1,62,1,P01_p1n60,2
43.0,0.5,43.0,0.5,86,1,66,1,P00_p0n63,2
44.0,0.5,44.0,0.5,88,1,55,1,P03_p3n55,2
44.0,0.5,44.0,0.5,88,1,62,1,P02_p2n57,2
44.0,0.5,44.0,0.5,88,1,67,1,P01_p1n62,2
44.0,0.5,44.0,0.5,88,1,71,1,P00_p0n65,2
44.5,1.0,44.5,1.0,89,2,55,1,P03_p3n56,2
44.5,1.0,44.5,1.0,89,2,62,1,P02_p2n58,2
44.5,1.0,44.5,1.0,89,2,67,1,P01_p1n63,2
44.5,1.0,44.5,1.0,89,2,71,1,P00_p0n66,2
45.5,0.5,45.5,0.5,91,1,55,1,P03_p3n57,2
45.5,0.5,45.5,0.5,91,1,62,1,P02_p2n59,2
45.5,0.5,45.5,0.5,91,1,67,1,P01_p1n64,2
45.5,0.5,45.5,0.5,91,1,71,1,P00_p0n67,2
46.0,0.5,46.0,0.5,92,1,57,1,P03_p3n58,2
46.0,0.5,46.0,0.5,92,1,64,1,P02_p2n60,2
46.0,0.5,46.0,0.5,92,1,67,1,P01_p1n65,2
46.0,0.5,46.0,0.5,92,1,73,1,P00_p0n68,2
46.5,1.0,46.5,1.0,93,2,57,1,P03_p3n59,2
46.5,1.0,46.5,1.0,93,2,64,1,P02_p2n61,2
46.5,1.0,46.5,1.0,93,2,67,1,P01_p1n66,2
46.5,1.0,46.5,1.0,93,2,73,1,P00_p0n69,2
47.5,0.5,47.5,0.5,95,1,57,1,P03_p3n60,2
47.5,0.5,47.5,0.5,95,1,62,1,P02_p2n62,2
47.5,0.5,47.5,0.5,95,1,66,1,P01_p1n67,2
47.5,0.5,47.5,0.5,95,1,74,1,P00_p0n70,2
48.0,0.5,48.0,0.5,96,1,57,1,P03_p3n61,2
48.0,0.5,48.0,0.5,96,1,57,1,P02_p2n63,2
48.0,0.5,48.0,0.5,96,1,66,1,P01_p1n68,2
48.0,0.5,48.0,0.5,96,1,69,1,P00_p0n71,2
48.5,1.0,48.5,1.0,97,2,57,1,P02_p2n64,2
48.5,1.0,48.5,1.0,97,2,57,1,P03_p3n62,2
48.5,1.0,48.5,1.0,97,2,64,1,P01_p1n69,2
48.5,1.0,48.5,1.0,97,2,67,1,P00_p0n72,2
49.5,0.5,49.5,0.5,99,1,57,1,P02_p2n65,2
49.5,0.5,49.5,0.5,99,1,57,1,P03_p3n63,2
49.5,0.5,49.5,0.5,99,1,62,1,P01_p1n70,2
49.5,0.5,49.5,0.5,99,1,66,1,P00_p0n73,2
50.0,0.5,50.0,0.5,100,1,57,1,P02_p2n66,2
50.0,0.5,50.0,0.5,100,1,57,1,P03_p3n64,2
50.0,0.5,50.0,0.5,100,1,61,1,P01_p1n71,2
50.0,0.5,50.0,0.5,100,1,64,1,P00_p0n74,2
50.5,0.5,50.5,0.5,101,1,57,1,P03_p3n65,2
50.5,0.5,50.5,0.5,101,1,57,1,P02_p2n67,2
50.5,0.5,50.5,0.5,101,1,64,1,P01_p1n72,2
50.5,0.5,50.5,0.5,101,1,67,1,P00_p0n75,2
51.0,0.5,51.0,0.5,102,1,50,1,P03_p3n66,2
51.0,0.5,51.0,0.5,102,1,57,1,P02_p2n68,2
51.0,0.5,51.0,0.5,102,1,62,1,P01_p1n73,2
51.0,0.5,51.0,0.5,102,1,66,1,P00_p0n76,2
52.0,0.5,52.0,0.5,104,1,55,1,P02_p2n70,2
52.0,0.5,52.0,0.5,104,1,55,1,P03_p3n68,2
52.0,0.5,52.0,0.5,104,1,62,1,P01_p1n75,2
52.0,0.5,52.0,0.5,104,1,71,1,P00_p0n78,2
52.5,1.0,52.5,1.0,105,2,55,1,P03_p3n69,2
52.5,1.0,52.5,1.0,105,2,62,1,P02_p2n71,2
52.5,1.0,52.5,1.0,105,2,62,1,P01_p1n76,2
52.5,1.0,52.5,1.0,105,2,71,1,P00_p0n79,2
53.5,0.5,53.5,0.5,107,1,55,1,P03_p3n70,2
53.5,0.5,53.5,0.5,107,1,62,1,P02_p2n72,2
53.5,0.5,53.5,0.5,107,1,67,1,P01_p1n77,2
53.5,0.5,53.5,0.5,107,1,71,1,P00_p0n80,2
54.0,0.5,54.0,0.5,108,1,57,1,P03_p3n71,2
54.0,0.5,54.0,0.5,108,1,64,1,P02_p2n73,2
54.0,0.5,54.0,0.5,108,1,67,1,P01_p1n78,2
54.0,0.5,54.0,0.5,108,1,73,1,P00_p0n81,2
54.5,1.0,54.5,1.0,109,2,58,1,P03_p3n72,2
54.5,1.0,54.5,1.0,109,2,61,1,P02_p2n74,2
54.5,1.0,54.5,1.0,109,2,67,1,P01_p1n79,2
54.5,1.0,54.5,1.0,109,2,76,1,P00_p0n82,2
55.5,0.5,55.5,0.5,111,1,59,1,P03_p3n73,2
55.5,0.5,55.5,0.5,111,1,62,1,P02_p2n75,2
55.5,0.5,55.5,0.5,111,1,66,1,P01_p1n80,2
55.5,0.5,55.5,0.5,111,1,74,1,P00_p0n83,2
56.0,0.5,56.0,0.5,112,1,59,1,P03_p3n74,2
56.0,0.5,56.0,0.5,112,1,59,1,P02_p2n76,2
56.0,0.5,56.0,0.5,112,1,62,1,P01_p1n81,2
56.0,0.5,56.0,0.5,112,1,66,1,P00_p0n84,2
56.5,1.0,56.5,1.0,113,2,59,1,P03_p3n75,2
56.5,1.0,56.5,1.0,113,2,59,1,P02_p2n77,2
56.5,1.0,56.5,1.0,113,2,62,1,P01_p1n82,2
56.5,1.0,56.5,1.0,113,2,67,1,P00_p0n85,2
57.5,0.5,57.5,0.5,115,1,55,1,P03_p3n76,2
57.5,0.5,57.5,0.5,115,1,59,1,P02_p2n78,2
57.5,0.5,57.5,0.5,115,1,59,1,P01_p1n83,2
57.5,0.5,57.5,0.5,115,1,64,1,P00_p0n86,2
58.0,1.0,58.0,1.0,116,2,57,1,P02_p2n79,2
58.0,1.0,58.0,1.0,116,2,57,1,P03_p3n77,2
58.0,1.0,58.0,1.0,116,2,62,1,P01_p1n84,2
58.0,1.0,58.0,1.0,116,2,66,1,P00_p0n87,2
59.0,1.0,59.0,1.0,118,2,45,1,P03_p3n78,2
59.0,1.0,59.0,1.0,118,2,55,1,P02_p2n80,2
59.0,1.0,59.0,1.0,118,2,61,1,P01_p1n85,2
59.0,1.0,59.0,1.0,118,2,64,1,P00_p0n88,2
60.0,1.0,60.0,1.0,120,2,50,1,P03_p3n79,2
60.0,1.0,60.0,1.0,120,2,54,1,P02_p2n81,2
60.0,1.0,60.0,1.0,120,2,57,1,P01_p1n86,2
60.0,1.0,60.0,1.0,120,2,62,1,P00_p0n89,2
62.0,0.5,62.0,0.5,124,1,69,1,P01_p1n88,2
62.0,0.5,62.0,0.5,124,1,69,1,P00_p0n91,2
62.5,0.5,62.5,0.5,125,1,69,1,P01_p1n89,2
62.5,0.5,62.5,0.5,125,1,69,1,P00_p0n92,2
63.0,0.5,63.0,0.5,126,1,69,1,P01_p1n90,2
63.0,0.5,63.0,0.5,126,1,69,1,P00_p0n93,2
63.5,0.5,63.5,0.5,127,1,69,1,P01_p1n91,2
63.5,0.5,63.5,0.5,127,1,69,1,P00_p0n94,2
64.0,0.5,64.0,0.5,128,1,57,1,P02_p2n84,2
64.0,0.5,64.0,0.5,128,1,57,1,P03_p3n82,2
64.0,1.0,64.0,1.0,128,2,67,1,P01_p1n92,2
64.0,1.0,64.0,1.0,128,2,69,1,P01_p1n93,2
64.0,1.0,64.0,1.0,128,2,76,1,P00_p0n95,2
64.5,0.5,64.5,0.5,129,1,57,1,P02_p2n85,2
64.5,0.5,64.5,0.5,129,1,57,1,P03_p3n83,2
65.0,0.5,65.0,0.5,130,1,57,1,P02_p2n86,2
65.0,0.5,65.0,0.5,130,1,57,1,P03_p3n84,2
65.0,1.0,65.0,1.0,130,2,66,1,P01_p1n94,2
65.0,1.0,65.0,1.0,130,2,69,1,P01_p1n95,2
65.0,1.0,65.0,1.0,130,2,74,1,P00_p0n96,2
65.5,0.5,65.5,0.5,131,1,57,1,P02_p2n87,2
65.5,0.5,65.5,0.5,131,1,57,1,P03_p3n85,2
66.0,1.0,66.0,1.0,132,2,57,1,P03_p3n86,2
66.0,0.5,66.0,0.5,132,1,64,1,P02_p2n88,2
66.0,0.5,66.0,0.5,132,1,67,1,P01_p1n96,2
66.0,0.5,66.0,0.5,132,1,73,1,P00_p0n97,2
66.5,1.0,66.5,1.0,133,2,62,1,P02_p2n89,2
66.5,1.0,66.5,1.0,133,2,66,1,P01_p1n97,2
66.5,1.0,66.5,1.0,133,2,71,1,P00_p0n98,2
67.0,0.5,67.0,0.5,134,1,57,1,P03_p3n87,2
67.5,0.5,67.5,0.5,135,1,57,1,P03_p3n88,2
67.5,0.5,67.5,0.5,135,1,61,1,P02_p2n90,2
67.5,0.5,67.5,0.5,135,1,64,1,P01_p1n98,2
67.5,0.5,67.5,0.5,135,1,69,1,P00_p0n99,2
68.0,0.5,68.0,0.5,136,1,58,1,P03_p3n89,2
68.0,0.5,68.0,0.5,136,1,61,1,P02_p2n91,2
68.0,0.5,68.0,0.5,136,1,64,1,P01_p1n99,2
68.0,0.5,68.0,0.5,136,1,67,1,P00_p0n100,2
68.5,0.5,68.5,0.5,137,1,59,1,P03_p3n90,2
68.5,0.5,68.5,0.5,137,1,62,1,P02_p2n92,2
68.5,0.5,68.5,0.5,137,1,62,1,P01_p1n100,2
68.5,0.5,68.5,0.5,137,1,66,1,P00_p0n101,2
69.0,0.5,69.0,0.5,138,1,59,1,P03_p3n91,2
69.0,0.5,69.0,0.5,138,1,62,1,P02_p2n93,2
69.0,0.5,69.0,0.5,138,1,62,1,P01_p1n101,2
69.0,0.5,69.0,0.5,138,1,66,1,P00_p0n102,2
70.0,0.5,70.0,0.5,140,1,55,1,P03_p3n93,2
70.0,0.5,70.0,0.5,140,1,62,1,P02_p2n95,2
70.0,0.5,70.0,0.5,140,1,67,1,P01_p1n103,2
70.0,0.5,70.0,0.5,140,1,71,1,P00_p0n104,2
70.5,1.0,70.5,1.0,141,2,55,1,P03_p3n94,2
70.5,1.0,70.5,1.0,141,2,62,1,P02_p2n96,2
70.5,1.0,70.5,1.0,141,2,67,1,P01_p1n104,2
70.5,1.0,70.5,1.0,141,2,71,1,P00_p0n105,2
71.5,0.5,71.5,0.5,143,1,55,1,P03_p3n95,2
71.5,0.5,71.5,0.5,143,1,62,1,P02_p2n97,2
71.5,0.5,71.5,0.5,143,1,67,1,P01_p1n105,2
71.5,0.5,71.5,0.5,143,1,71,1,P00_p0n106,2
72.0,0.5,72.0,0.5,144,1,57,1,P03_p3n96,2
72.0,0.5,72.0,0.5,144,1,64,1,P02_p2n98,2
72.0,0.5,72.0,0.5,144,1,67,1,P01_p1n106,2
72.0,0.5,72.0,0.5,144,1,73,1,P00_p0n107,2
72.5,1.0,72.5,1.0,145,2,57,1,P03_p3n97,2
72.5,1.0,72.5,1.0,145,2,64,1,P02_p2n99,2
72.5,1.0,72.5,1.0,145,2,67,1,P01_p1n107,2
72.5,1.0,72.5,1.0,145,2,73,1,P00_p0n108,2
73.5,0.5,73.5,0.5,147,1,57,1,P03_p3n98,2
73.5,0.5,73.5,0.5,147,1,62,1,P02_p2n100,2
73.5,0.5,73.5,0.5,147,1,66,1,P01_p1n108,2
73.5,0.5,73.5,0.5,147,1,74,1,P00_p0n109,2
74.0,0.5,74.0,0.5,148,1,57,1,P02_p2n101,2
74.0,0.5,74.0,0.5,148,1,57,1,P03_p3n99,2
74.0,0.5,74.0,0.5,148,1,66,1,P01_p1n109,2
74.0,0.5,74.0,0.5,148,1,69,1,P00_p0n110,2
74.5,1.0,74.5,1.0,149,2,57,1,P02_p2n102,2
74.5,1.0,74.5,1.0,149,2,57,1,P03_p3n100,2
74.5,1.0,74.5,1.0,149,2,64,1,P01_p1n110,2
74.5,1.0,74.5,1.0,149,2,67,1,P00_p0n111,2
75.5,0.5,75.5,0.5,151,1,57,1,P02_p2n103,2
75.5,0.5,75.5,0.5,151,1,57,1,P03_p3n101,2
75.5,0.5,75.5,0.5,151,1,62,1,P01_p1n111,2
75.5,0.5,75.5,0.5,151,1,66,1,P00_p0n112,2
76.0,0.5,76.0,0.5,152,1,57,1,P02_p2n104,2
76.0,0.5,76.0,0.5,152,1,57,1,P03_p3n102,2
76.0,0.5,76.0,0.5,152,1,61,1,P01_p1n112,2
76.0,0.5,76.0,0.5,152,1,64,1,P00_p0n113,2
76.5,0.5,76.5,0.5,153,1,57,1,P02_p2n105,2
76.5,0.5,76.5,0.5,153,1,57,1,P03_p3n103,2
76.5,0.5,76.5,0.5,153,1,64,1,P01_p1n113,2
76.5,0.5,76.5,0.5,153,1,67,1,P00_p0n114,2
77.0,0.5,77.0,0.5,154,1,50,1,P03_p3n104,2
77.0,0.5,77.0,0.5,154,1,57,1,P02_p2n106,2
77.0,0.5,77.0,0.5,154,1,62,1,P01_p1n114,2
77.0,0.5,77.0,0.5,154,1,66,1,P00_p0n115,2
78.0,0.5,78.0,0.5,156,1,55,1,P02_p2n108,2
78.0,0.5,78.0,0.5,156,1,55,1,P03_p3n106,2
78.0,0.5,78.0,0.5,156,1,62,1,P01_p1n116,2
78.0,0.5,78.0,0.5,156,1,71,1,P00_p0n117,2
78.5,1.0,78.5,1.0,157,2,55,1,P03_p3n107,2
78.5,1.0,78.5,1.0,157,2,62,1,P02_p2n109,2
78.5,1.0,78.5,1.0,157,2,62,1,P01_p1n117,2
78.5,1.0,78.5,1.0,157,2,71,1,P00_p0n118,2
79.5,0.5,79.5,0.5,159,1,55,1,P03_p3n108,2
79.5,0.5,79.5,0.5,159,1,62,1,P02_p2n110,2
79.5,0.5,79.5,0.5,159,1,67,1,P01_p1n118,2
79.5,0.5,79.5,0.5,159,1,71,1,P00_p0n119,2
80.0,0.5,80.0,0.5,160,1,57,1,P03_p3n109,2
80.0,0.5,80.0,0.5,160,1,64,1,P02_p2n111,2
80.0,0.5,80.0,0.5,160,1,67,1,P01_p1n119,2
80.0,0.5,80.0,0.5,160,1,73,1,P00_p0n120,2
80.5,1.0,80.5,1.0,161,2,58,1,P03_p3n110,2
80.5,1.0,80.5,1.0,161,2,61,1,P02_p2n112,2
80.5,1.0,80.5,1.0,161,2,67,1,P01_p1n120,2
80.5,1.0,80.5,1.0,161,2,76,1,P00_p0n121,2
81.5,0.5,81.5,0.5,163,1,59,1,P03_p3n111,2
81.5,0.5,81.5,0.5,163,1,62,1,P02_p2n113,2
81.5,0.5,81.5,0.5,163,1,66,1,P01_p1n121,2
81.5,0.5,81.5,0.5,163,1,74,1,P00_p0n122,2
82.0,0.5,82.0,0.5,164,1,59,1,P02_p2n114,2
82.0,0.5,82.0,0.5,164,1,59,1,P03_p3n112,2
82.0,0.5,82.0,0.5,164,1,62,1,P01_p1n122,2
82.0,0.5,82.0,0.5,164,1,66,1,P00_p0n123,2
82.5,1.0,82.5,1.0,165,2,59,1,P03_p3n113,2
82.5,1.0,82.5,1.0,165,2,59,1,P02_p2n115,2
82.5,1.0,82.5,1.0,165,2,62,1,P01_p1n123,2
82.5,1.0,82.5,1.0,165,2,67,1,P00_p0n124,2
83.5,0.5,83.5,0.5,167,1,55,1,P03_p3n114,2
83.5,0.5,83.5,0.5,167,1,59,1,P02_p2n116,2
83.5,0.5,83.5,0.5,167,1,59,1,P01_p1n124,2
83.5,0.5,83.5,0.5,167,1,64,1,P00_p0n125,2
84.0,1.0,84.0,1.0,168,2,57,1,P02_p2n117,2
84.0,1.0,84.0,1.0,168,2,57,1,P03_p3n115,2
84.0,1.0,84.0,1.0,168,2,62,1,P01_p1n125,2
84.0,1.0,84.0,1.0,168,2,66,1,P00_p0n126,2
85.0,1.0,85.0,1.0,170,2,45,1,P03_p3n116,2
85.0,1.0,85.0,1.0,170,2,55,1,P02_p2n118,2
85.0,1.0,85.0,1.0,170,2,61,1,P01_p1n126,2
85.0,1.0,85.0,1.0,170,2,64,1,P00_p0n127,2
86.0,1.0,86.0,1.0,172,2,50,1,P03_p3n117,2
86.0,1.0,86.0,1.0,172,2,54,1,P02_p2n119,2
86.0,1.0,86.0,1.0,172,2,57,1,P01_p1n127,2
86.0,1.0,86.0,1.0,172,2,62,1,P00_p0n128,2
