path_idx,score_frame_idx,audio_frame_idx
0,0,0
1,0,1
2,0,2
3,0,3
4,0,4
5,0,5
6,0,6
7,0,7
8,1,8
9,2,9
10,3,10
11,4,11
12,5,12
13,6,13
14,7,14
15,8,15
16,9,16
17,10,17
18,11,18
19,12,19
20,13,20
21,14,21
22,15,22
23,16,23
24,17,24
25,18,25
26,19,26
27,20,27
28,21,28
29,22,29
30,23,30
31,24,31
32,25,32
33,26,33
34,27,34
35,28,35
36,29,36
37,30,37
38,31,38
39,32,39
40,33,40
41,34,41
42,35,42
43,36,43
44,37,44
45,38,45
46,39,46
47,40,47
48,40,48
49,40,49
50,40,50
51,40,51
52,40,52
53,40,53
54,40,54
55,40,55
56,40,56
57,41,57
58,42,58
59,43,59
60,44,60
61,45,61
62,46,62
63,47,63
64,48,64
65,49,65
66,50,66
67,51,67
68,52,68
69,53,69
70,54,70
71,55,71
72,56,72
73,57,73
74,58,74
75,59,75
76,60,76
77,60,77
78,60,78
79,60,79
80,60,80
81,60,81
82,60,82
83,60,83
84,60,84
85,60,85
86,60,86
87,60,87
88,60,88
89,60,89
90,60,90
91,60,91
92,60,92
93,61,93
94,62,94
95,63,95
96,64,96
97,65,97
98,66,98
99,67,99
100,68,100
101,69,101
102,70,102
103,71,103
104,72,104
105,73,105
106,74,106
107,75,107
108,76,108
109,77,109
110,78,110
111,79,111
112,80,112
113,80,113
114,80,114
115,80,115
116,80,116
117,80,117
118,80,118
119,80,119
120,80,120
121,80,121
122,80,122
123,80,123
124,80,124
125,80,125
126,80,126
127,80,127
128,80,128
129,80,129
130,80,130
131,80,131
132,80,132
133,80,133
134,80,134
135,80,135
136,80,136
137,80,137
138,80,138
139,80,139
140,80,140
141,80,141
142,80,142
143,80,143
144,80,144
145,80,145
146,81,146
147,82,147
148,83,148
149,84,149
150,85,150
151,86,151
152,87,152
153,88,153
154,89,154
155,90,155
156,91,156
157,92,157
158,93,158
159,94,159
160,95,160
161,96,161
162,97,162
163,98,163
164,99,164
165,100,165
166,101,166
167,102,167
168,103,168
169,104,169
170,105,170
171,106,171
172,107,172
173,108,173
174,109,174
175,110,175
176,111,176
177,112,177
178,113,178
179,114,179
180,115,180
181,116,181
182,117,182
183,118,183
184,119,184
185,120,185
186,120,186
187,120,187
188,120,188
189,120,189
190,120,190
191,120,191
192,120,192
193,120,193
194,120,194
195,120,195
196,120,196
197,120,197
198,120,198
199,120,199
200,120,200
201,120,201
202,120,202
203,120,203
204,120,204
205,120,205
206,120,206
207,120,207
208,120,208
209,120,209
210,120,210
211,120,211
212,120,212
213,120,213
214,120,214
215,120,215
216,120,216
217,120,217
218,120,218
219,120,219
220,120,220
221,120,221
222,120,222
223,120,223
224,120,224
225,120,225
226,120,226
227,120,227
228,120,228
229,120,229
230,120,230
231,120,231
232,120,232
233,120,233
234,120,234
235,120,235
236,120,236
237,120,237
238,120,238
239,120,239
240,120,240
241,120,241
242,120,242
243,120,243
244,120,244
245,120,245
246,120,246
247,120,247
248,120,248
249,120,249
250,120,250
251,120,251
252,120,252
253,120,253
254,120,254
255,120,255
256,120,256
257,120,257
258,120,258
259,120,259
260,120,260
261,120,261
262,121,262
263,122,263
264,123,264
265,124,265
266,125,266
267,126,267
268,127,268
269,128,269
270,129,270
271,130,271
272,131,272
273,132,273
274,133,274
275,134,275
276,135,276
277,136,277
278,137,278
279,138,279
280,139,280
281,140,281
282,141,282
283,142,283
284,143,284
285,144,285
286,145,286
287,146,287
288,147,288
289,148,289
290,149,290
291,150,291
292,151,292
293,152,293
294,153,294
295,154,295
296,155,296
297,156,297
298,157,298
299,158,299
300,159,300
301,160,301
302,160,302
303,160,303
304,160,304
305,160,305
306,161,306
307,162,307
308,163,308
309,164,309
310,165,310
311,166,311
312,167,312
313,168,313
314,169,314
315,170,315
316,171,316
317,172,317
318,173,318
319,174,319
320,175,320
321,176,321
322,177,322
323,178,323
324,179,324
325,180,325
326,181,326
327,182,327
328,183,328
329,184,329
330,185,330
331,186,331
332,187,332
333,188,333
334,189,334
335,190,335
336,191,336
337,192,337
338,193,338
339,194,339
340,195,340
341,196,341
342,197,342
343,198,343
344,199,344
345,200,345
346,200,346
347,200,347
348,200,348
349,200,349
350,200,350
351,200,351
352,200,352
353,201,353
354,202,354
355,203,355
356,204,356
357,205,357
358,206,358
359,207,359
360,208,360
361,209,361
362,210,362
363,211,363
364,212,364
365,213,365
366,214,366
367,215,367
368,216,368
369,217,369
370,218,370
371,219,371
372,220,372
373,220,373
374,220,374
375,220,375
376,220,376
377,220,377
378,220,378
379,221,379
380,222,380
381,223,381
382,224,382
383,225,383
384,226,384
385,227,385
386,228,386
387,229,387
388,230,388
389,231,389
390,232,390
391,233,391
392,234,392
393,235,393
394,236,394
395,237,395
396,238,396
397,239,397
398,240,398
399,240,399
400,240,400
401,240,401
402,240,402
403,240,403
404,240,404
405,240,405
406,240,406
407,240,407
408,240,408
409,240,409
410,240,410
411,240,411
412,240,412
413,240,413
414,240,414
415,240,415
416,240,416
417,240,417
418,240,418
419,240,419
420,240,420
421,240,421
422,240,422
423,240,423
424,240,424
425,240,425
426,240,426
427,240,427
428,240,428
429,240,429
430,240,430
431,240,431
432,240,432
433,240,433
434,240,434
435,240,435
436,241,436
437,242,437
438,243,438
439,244,439
440,245,440
441,246,441
442,247,442
443,248,443
444,249,444
445,250,445
446,251,446
447,252,447
448,253,448
449,254,449
450,255,450
451,256,451
452,257,452
453,258,453
454,259,454
455,260,455
456,261,456
457,262,457
458,263,458
459,264,459
460,265,460
461,266,461
462,267,462
463,268,463
464,269,464
465,270,465
466,271,466
467,272,467
468,273,468
469,274,469
470,275,470
471,276,471
472,277,472
473,278,473
474,279,474
475,280,475
476,281,476
477,282,477
478,283,478
479,284,479
480,285,480
481,286,481
482,287,482
483,288,483
484,289,484
485,290,485
486,291,486
487,292,487
488,293,488
489,294,489
490,295,490
491,296,491
492,297,492
493,298,493
494,299,494
495,300,495
496,301,496
497,302,497
498,303,498
499,304,499
500,305,500
501,306,501
502,307,502
503,308,503
504,309,504
505,310,505
506,311,506
507,312,507
508,313,508
509,314,509
510,315,510
511,316,511
512,317,512
513,318,513
514,319,514
515,320,515
516,320,516
517,320,517
518,320,518
519,320,519
520,320,520
521,320,521
522,320,522
523,320,523
524,320,524
525,320,525
526,320,526
527,320,527
528,320,528
529,320,529
530,320,530
531,320,531
532,320,532
533,320,533
534,320,534
535,320,535
536,320,536
537,320,537
538,320,538
539,320,539
540,320,540
541,320,541
542,320,542
543,320,543
544,320,544
545,320,545
546,320,546
547,320,547
548,320,548
549,320,549
550,320,550
551,320,551
552,321,552
553,322,553
554,323,554
555,324,555
556,325,556
557,326,557
558,327,558
559,328,559
560,329,560
561,330,561
562,331,562
563,332,563
564,333,564
565,334,565
566,335,566
567,336,567
568,337,568
569,338,569
570,339,570
571,340,571
572,341,572
573,342,573
574,343,574
575,344,575
576,345,576
577,346,577
578,347,578
579,348,579
580,349,580
581,350,581
582,351,582
583,352,583
584,353,584
585,354,585
586,355,586
587,356,587
588,357,588
589,358,589
590,359,590
591,360,591
592,361,592
593,362,593
594,363,594
595,364,595
596,365,596
597,366,597
598,367,598
599,368,599
600,369,600
601,370,601
602,371,602
603,372,603
604,373,604
605,374,605
606,375,606
607,376,607
608,377,608
609,378,609
610,379,610
611,380,611
612,380,612
613,380,613
614,380,614
615,380,615
616,380,616
617,380,617
618,380,618
619,380,619
620,381,620
621,382,621
622,383,622
623,384,623
624,385,624
625,386,625
626,387,626
627,388,627
628,389,628
629,390,629
630,391,630
631,392,631
632,393,632
633,394,633
634,395,634
635,396,635
636,397,636
637,398,637
638,399,638
639,400,639
640,400,640
641,401,641
642,402,642
643,403,643
644,404,644
645,405,645
646,406,646
647,407,647
648,408,648
649,409,649
650,410,650
651,411,651
652,412,652
653,413,653
654,414,654
655,415,655
656,416,656
657,417,657
658,418,658
659,419,659
660,420,660
661,420,661
662,420,662
663,420,663
664,420,664
665,420,665
666,420,666
667,420,667
668,420,668
669,420,669
670,420,670
671,420,671
672,420,672
673,420,673
674,420,674
675,420,675
676,420,676
677,420,677
678,420,678
679,420,679
680,420,680
681,420,681
682,420,682
683,421,683
684,422,684
685,423,685
686,424,686
687,425,687
688,426,688
689,427,689
690,428,690
691,429,691
692,430,692
693,431,693
694,432,694
695,433,695
696,434,696
697,435,697
698,436,698
699,437,699
700,438,700
701,439,701
702,440,702
703,441,703
704,442,704
705,443,705
706,444,706
707,445,707
708,446,708
709,447,709
710,448,710
711,449,711
712,450,712
713,451,713
714,452,714
715,453,715
716,454,716
717,455,717
718,456,718
719,457,719
720,458,720
721,459,721
722,460,722
723,461,723
724,462,724
725,463,725
726,464,726
727,465,727
728,466,728
729,467,729
730,468,730
731,469,731
732,470,732
733,471,733
734,472,734
735,473,735
736,474,736
737,475,737
738,476,738
739,477,739
740,478,740
741,479,741
742,480,742
743,480,743
744,480,744
745,480,745
746,480,746
747,480,747
748,480,748
749,480,749
750,480,750
751,480,751
752,480,752
753,480,753
754,480,754
755,480,755
756,480,756
757,480,757
758,480,758
759,480,759
760,480,760
761,480,761
762,480,762
763,480,763
764,480,764
765,480,765
766,480,766
767,480,767
768,480,768
769,480,769
770,480,770
771,480,771
772,480,772
773,480,773
774,480,774
775,480,775
776,480,776
777,480,777
778,480,778
779,480,779
780,480,780
781,480,781
782,480,782
783,480,783
784,480,784
785,480,785
786,480,786
787,480,787
788,480,788
789,480,789
790,480,790
791,480,791
792,480,792
793,480,793
794,480,794
795,480,795
796,480,796
797,480,797
798,480,798
799,480,799
800,480,800
801,480,801
802,480,802
803,480,803
804,480,804
805,480,805
806,480,806
807,480,807
808,480,808
809,480,809
810,480,810
811,480,811
812,480,812
813,480,813
814,480,814
815,480,815
816,480,816
817,480,817
818,480,818
819,481,819
820,482,820
821,483,821
822,484,822
823,485,823
824,486,824
825,487,825
826,488,826
827,489,827
828,490,828
829,491,829
830,492,830
831,493,831
832,494,832
833,495,833
834,496,834
835,497,835
836,498,836
837,499,837
838,500,838
839,501,839
840,502,840
841,503,841
842,504,842
843,505,843
844,506,844
845,507,845
846,508,846
847,509,847
848,510,848
849,511,849
850,512,850
851,513,851
852,514,852
853,515,853
854,516,854
855,517,855
856,518,856
857,519,857
858,520,858
859,521,859
860,522,860
861,523,861
862,524,862
863,525,863
864,526,864
865,527,865
866,528,866
867,529,867
868,530,868
869,531,869
870,532,870
871,533,871
872,534,872
873,535,873
874,536,874
875,537,875
876,538,876
877,539,877
878,540,878
879,541,879
880,542,880
881,543,881
882,544,882
883,545,883
884,546,884
885,547,885
886,548,886
887,549,887
888,550,888
889,551,889
890,552,890
891,553,891
892,554,892
893,555,893
894,556,894
895,557,895
896,558,896
897,559,897
898,560,898
899,561,899
900,562,900
901,563,901
902,564,902
903,565,903
904,566,904
905,567,905
906,568,906
907,569,907
908,570,908
909,571,909
910,572,910
911,573,911
912,574,912
913,575,913
914,576,914
915,577,915
916,578,916
917,579,917
918,580,918
919,580,919
920,580,920
921,580,921
922,580,922
923,580,923
924,580,924
925,580,925
926,580,926
927,580,927
928,580,928
929,580,929
930,580,930
931,580,931
932,580,932
933,580,933
934,580,934
935,580,935
936,580,936
937,580,937
938,580,938
939,580,939
940,580,940
941,580,941
942,580,942
943,580,943
944,580,944
945,580,945
946,580,946
947,580,947
948,581,948
949,582,949
950,583,950
951,584,951
952,585,952
953,586,953
954,587,954
955,588,955
956,589,956
957,590,957
958,591,958
959,592,959
960,593,960
961,594,961
962,595,962
963,596,963
964,597,964
965,598,965
966,599,966
967,600,967
968,601,968
969,602,969
970,603,970
971,604,971
972,605,972
973,606,973
974,607,974
975,608,975
976,609,976
977,610,977
978,611,978
979,612,979
980,613,980
981,614,981
982,615,982
983,616,983
984,617,984
985,618,985
986,619,986
987,620,987
988,620,988
989,620,989
990,620,990
991,620,991
992,620,992
993,620,993
994,620,994
995,620,995
996,620,996
997,620,997
998,620,998
999,620,999
1000,620,1000
1001,620,1001
1002,620,1002
1003,620,1003
1004,620,1004
1005,620,1005
1006,620,1006
1007,620,1007
1008,620,1008
1009,620,1009
1010,620,1010
1011,620,1011
1012,620,1012
1013,620,1013
1014,620,1014
1015,620,1015
1016,620,1016
1017,620,1017
1018,620,1018
1019,620,1019
1020,620,1020
1021,621,1021
1022,622,1022
1023,623,1023
1024,624,1024
1025,625,1025
1026,626,1026
1027,627,1027
1028,628,1028
1029,629,1029
1030,630,1030
1031,631,1031
1032,632,1032
1033,633,1033
1034,634,1034
1035,635,1035
1036,636,1036
1037,637,1037
1038,638,1038
1039,639,1039
1040,640,1040
1041,640,1041
1042,640,1042
1043,640,1043
1044,640,1044
1045,640,1045
1046,640,1046
1047,640,1047
1048,640,1048
1049,640,1049
1050,640,1050
1051,640,1051
1052,640,1052
1053,640,1053
1054,640,1054
1055,640,1055
1056,640,1056
1057,640,1057
1058,640,1058
1059,640,1059
1060,640,1060
1061,640,1061
1062,640,1062
1063,640,1063
1064,640,1064
1065,640,1065
1066,640,1066
1067,640,1067
1068,640,1068
1069,640,1069
1070,640,1070
1071,640,1071
1072,640,1072
1073,641,1073
1074,642,1074
1075,643,1075
1076,644,1076
1077,645,1077
1078,646,1078
1079,647,1079
1080,648,1080
1081,649,1081
1082,650,1082
1083,651,1083
1084,652,1084
1085,653,1085
1086,654,1086
1087,655,1087
1088,656,1088
1089,657,1089
1090,658,1090
1091,659,1091
1092,660,1092
1093,661,1093
1094,662,1094
1095,663,1095
1096,664,1096
1097,665,1097
1098,666,1098
1099,667,1099
1100,668,1100
1101,669,1101
1102,670,1102
1103,671,1103
1104,672,1104
1105,673,1105
1106,674,1106
1107,675,1107
1108,676,1108
1109,677,1109
1110,678,1110
1111,679,1111
1112,680,1112
1113,681,1113
1114,682,1114
1115,683,1115
1116,684,1116
1117,685,1117
1118,686,1118
1119,687,1119
1120,688,1120
1121,689,1121
1122,690,1122
1123,691,1123
1124,692,1124
1125,693,1125
1126,694,1126
1127,695,1127
1128,696,1128
1129,697,1129
1130,698,1130
1131,699,1131
1132,700,1132
1133,701,1133
1134,702,1134
1135,703,1135
1136,704,1136
1137,705,1137
1138,706,1138
1139,707,1139
1140,708,1140
1141,709,1141
1142,710,1142
1143,711,1143
1144,712,1144
1145,713,1145
1146,714,1146
1147,715,1147
1148,716,1148
1149,717,1149
1150,718,1150
1151,719,1151
1152,720,1152
1153,720,1153
1154,720,1154
1155,720,1155
1156,720,1156
1157,720,1157
1158,720,1158
1159,720,1159
1160,720,1160
1161,720,1161
1162,720,1162
1163,720,1163
1164,720,1164
1165,720,1165
1166,720,1166
1167,720,1167
1168,720,1168
1169,720,1169
1170,720,1170
1171,720,1171
1172,720,1172
1173,720,1173
1174,720,1174
1175,720,1175
1176,720,1176
1177,720,1177
1178,720,1178
1179,720,1179
1180,720,1180
1181,720,1181
1182,720,1182
1183,721,1183
1184,722,1184
1185,723,1185
1186,724,1186
1187,725,1187
1188,726,1188
1189,727,1189
1190,728,1190
1191,729,1191
1192,730,1192
1193,731,1193
1194,732,1194
1195,733,1195
1196,734,1196
1197,735,1197
1198,736,1198
1199,737,1199
1200,738,1200
1201,739,1201
1202,740,1202
1203,741,1203
1204,742,1204
1205,743,1205
1206,744,1206
1207,745,1207
1208,746,1208
1209,747,1209
1210,748,1210
1211,749,1211
1212,750,1212
1213,751,1213
1214,752,1214
1215,753,1215
1216,754,1216
1217,755,1217
1218,756,1218
1219,757,1219
1220,758,1220
1221,759,1221
1222,760,1222
1223,761,1223
1224,762,1224
1225,763,1225
1226,764,1226
1227,765,1227
1228,766,1228
1229,767,1229
1230,768,1230
1231,769,1231
1232,770,1232
1233,771,1233
1234,772,1234
1235,773,1235
1236,774,1236
1237,775,1237
1238,776,1238
1239,777,1239
1240,778,1240
1241,779,1241
1242,780,1242
1243,780,1243
1244,780,1244
1245,780,1245
1246,780,1246
1247,780,1247
1248,780,1248
1249,780,1249
1250,780,1250
1251,780,1251
1252,780,1252
1253,780,1253
1254,780,1254
1255,780,1255
1256,780,1256
1257,780,1257
1258,780,1258
1259,780,1259
1260,781,1260
1261,782,1261
1262,783,1262
1263,784,1263
1264,785,1264
1265,786,1265
1266,787,1266
1267,788,1267
1268,789,1268
1269,790,1269
1270,791,1270
1271,792,1271
1272,793,1272
1273,794,1273
1274,795,1274
1275,796,1275
1276,797,1276
1277,798,1277
1278,799,1278
1279,800,1279
1280,801,1280
1281,802,1281
1282,803,1282
1283,804,1283
1284,805,1284
1285,806,1285
1286,807,1286
1287,808,1287
1288,809,1288
1289,810,1289
1290,811,1290
1291,812,1291
1292,813,1292
1293,814,1293
1294,815,1294
1295,816,1295
1296,817,1296
1297,818,1297
1298,819,1298
1299,820,1299
1300,821,1300
1301,822,1301
1302,823,1302
1303,824,1303
1304,825,1304
1305,826,1305
1306,827,1306
1307,828,1307
1308,829,1308
1309,830,1309
1310,831,1310
1311,832,1311
1312,833,1312
1313,834,1313
1314,835,1314
1315,836,1315
1316,837,1316
1317,838,1317
1318,839,1318
1319,840,1319
1320,840,1320
1321,840,1321
1322,840,1322
1323,840,1323
1324,840,1324
1325,840,1325
1326,840,1326
1327,840,1327
1328,840,1328
1329,840,1329
1330,840,1330
1331,840,1331
1332,840,1332
1333,840,1333
1334,840,1334
1335,840,1335
1336,840,1336
1337,840,1337
1338,840,1338
1339,840,1339
1340,840,1340
1341,840,1341
1342,840,1342
1343,840,1343
1344,840,1344
1345,840,1345
1346,840,1346
1347,840,1347
1348,840,1348
1349,840,1349
1350,840,1350
1351,840,1351
1352,840,1352
1353,840,1353
1354,840,1354
1355,840,1355
1356,840,1356
1357,840,1357
1358,840,1358
1359,840,1359
1360,840,1360
1361,840,1361
1362,840,1362
1363,840,1363
1364,840,1364
1365,840,1365
1366,840,1366
1367,840,1367
1368,840,1368
1369,840,1369
1370,840,1370
1371,840,1371
1372,840,1372
1373,840,1373
1374,840,1374
1375,840,1375
1376,840,1376
1377,840,1377
1378,840,1378
1379,840,1379
1380,840,1380
1381,840,1381
1382,840,1382
1383,840,1383
1384,840,1384
1385,840,1385
1386,840,1386
1387,840,1387
1388,840,1388
1389,841,1389
1390,842,1390
1391,843,1391
1392,844,1392
1393,845,1393
1394,846,1394
1395,847,1395
1396,848,1396
1397,849,1397
1398,850,1398
1399,851,1399
1400,852,1400
1401,853,1401
1402,854,1402
1403,855,1403
1404,856,1404
1405,857,1405
1406,858,1406
1407,859,1407
1408,860,1408
1409,861,1409
1410,862,1410
1411,863,1411
1412,864,1412
1413,865,1413
1414,866,1414
1415,867,1415
1416,868,1416
1417,869,1417
1418,870,1418
1419,871,1419
1420,872,1420
1421,873,1421
1422,874,1422
1423,875,1423
1424,876,1424
1425,877,1425
1426,878,1426
1427,879,1427
1428,880,1428
1429,880,1429
1430,880,1430
1431,880,1431
1432,880,1432
1433,880,1433
1434,880,1434
1435,880,1435
1436,880,1436
1437,880,1437
1438,880,1438
1439,880,1439
1440,881,1440
1441,882,1441
1442,883,1442
1443,884,1443
1444,885,1444
1445,886,1445
1446,887,1446
1447,888,1447
1448,889,1448
1449,890,1449
1450,891,1450
1451,892,1451
1452,893,1452
1453,894,1453
1454,895,1454
1455,896,1455
1456,897,1456
1457,898,1457
1458,899,1458
1459,900,1459
1460,901,1460
1461,902,1461
1462,903,1462
1463,904,1463
1464,905,1464
1465,906,1465
1466,907,1466
1467,908,1467
1468,909,1468
1469,910,1469
1470,911,1470
1471,912,1471
1472,913,1472
1473,914,1473
1474,915,1474
1475,916,1475
1476,917,1476
1477,918,1477
1478,919,1478
1479,920,1479
1480,920,1480
1481,920,1481
1482,921,1482
1483,922,1483
1484,923,1484
1485,924,1485
1486,925,1486
1487,926,1487
1488,927,1488
1489,928,1489
1490,929,1490
1491,930,1491
1492,931,1492
1493,932,1493
1494,933,1494
1495,934,1495
1496,935,1496
1497,936,1497
1498,937,1498
1499,938,1499
1500,939,1500
1501,940,1501
1502,940,1502
1503,940,1503
1504,940,1504
1505,940,1505
1506,940,1506
1507,940,1507
1508,940,1508
1509,940,1509
1510,940,1510
1511,940,1511
1512,940,1512
1513,940,1513
1514,940,1514
1515,940,1515
1516,940,1516
1517,940,1517
1518,940,1518
1519,941,1519
1520,942,1520
1521,943,1521
1522,944,1522
1523,945,1523
1524,946,1524
1525,947,1525
1526,948,1526
1527,949,1527
1528,950,1528
1529,951,1529
1530,952,1530
1531,953,1531
1532,954,1532
1533,955,1533
1534,956,1534
1535,957,1535
1536,958,1536
1537,959,1537
1538,960,1538
1539,960,1539
1540,960,1540
1541,960,1541
1542,960,1542
1543,960,1543
1544,960,1544
1545,960,1545
1546,960,1546
1547,960,1547
1548,960,1548
1549,960,1549
1550,960,1550
1551,960,1551
1552,960,1552
1553,960,1553
1554,960,1554
1555,960,1555
1556,960,1556
1557,960,1557
1558,960,1558
1559,960,1559
1560,960,1560
1561,960,1561
1562,960,1562
1563,960,1563
1564,960,1564
1565,960,1565
1566,961,1566
1567,962,1567
1568,963,1568
1569,964,1569
1570,965,1570
1571,966,1571
1572,967,1572
1573,968,1573
1574,969,1574
1575,970,1575
1576,971,1576
1577,972,1577
1578,973,1578
1579,974,1579
1580,975,1580
1581,976,1581
1582,977,1582
1583,978,1583
1584,979,1584
1585,980,1585
1586,981,1586
1587,982,1587
1588,983,1588
1589,984,1589
1590,985,1590
1591,986,1591
1592,987,1592
1593,988,1593
1594,989,1594
1595,990,1595
1596,991,1596
1597,992,1597
1598,993,1598
1599,994,1599
1600,995,1600
1601,996,1601
1602,997,1602
1603,998,1603
1604,999,1604
1605,1000,1605
1606,1001,1606
1607,1002,1607
1608,1003,1608
1609,1004,1609
1610,1005,1610
1611,1006,1611
1612,1007,1612
1613,1008,1613
1614,1009,1614
1615,1010,1615
1616,1011,1616
1617,1012,1617
1618,1013,1618
1619,1014,1619
1620,1015,1620
1621,1016,1621
1622,1017,1622
1623,1018,1623
1624,1019,1624
1625,1020,1625
1626,1021,1626
1627,1022,1627
1628,1023,1628
1629,1024,1629
1630,1025,1630
1631,1026,1631
1632,1027,1632
1633,1028,1633
1634,1029,1634
1635,1030,1635
1636,1031,1636
1637,1032,1637
1638,1033,1638
1639,1034,1639
1640,1035,1640
1641,1036,1641
1642,1037,1642
1643,1038,1643
1644,1039,1644
1645,1040,1645
1646,1040,1646
1647,1040,1647
1648,1040,1648
1649,1040,1649
1650,1040,1650
1651,1040,1651
1652,1040,1652
1653,1040,1653
1654,1040,1654
1655,1040,1655
1656,1040,1656
1657,1040,1657
1658,1040,1658
1659,1040,1659
1660,1040,1660
1661,1040,1661
1662,1040,1662
1663,1040,1663
1664,1040,1664
1665,1040,1665
1666,1040,1666
1667,1040,1667
1668,1040,1668
1669,1040,1669
1670,1040,1670
1671,1040,1671
1672,1040,1672
1673,1040,1673
1674,1040,1674
1675,1040,1675
1676,1040,1676
1677,1040,1677
1678,1040,1678
1679,1040,1679
1680,1040,1680
1681,1040,1681
1682,1040,1682
1683,1040,1683
1684,1041,1684
1685,1042,1685
1686,1043,1686
1687,1044,1687
1688,1045,1688
1689,1046,1689
1690,1047,1690
1691,1048,1691
1692,1049,1692
1693,1050,1693
1694,1051,1694
1695,1052,1695
1696,1053,1696
1697,1054,1697
1698,1055,1698
1699,1056,1699
1700,1057,1700
1701,1058,1701
1702,1059,1702
1703,1060,1703
1704,1061,1704
1705,1062,1705
1706,1063,1706
1707,1064,1707
1708,1065,1708
1709,1066,1709
1710,1067,1710
1711,1068,1711
1712,1069,1712
1713,1070,1713
1714,1071,1714
1715,1072,1715
1716,1073,1716
1717,1074,1717
1718,1075,1718
1719,1076,1719
1720,1077,1720
1721,1078,1721
1722,1079,1722
1723,1080,1723
1724,1081,1724
1725,1082,1725
1726,1083,1726
1727,1084,1727
1728,1085,1728
1729,1086,1729
1730,1087,1730
1731,1088,1731
1732,1089,1732
1733,1090,1733
1734,1091,1734
1735,1092,1735
1736,1093,1736
1737,1094,1737
1738,1095,1738
1739,1096,1739
1740,1097,1740
1741,1098,1741
1742,1099,1742
1743,1100,1743
1744,1100,1744
1745,1100,1745
1746,1100,1746
1747,1100,1747
1748,1100,1748
1749,1100,1749
1750,1100,1750
1751,1100,1751
1752,1100,1752
1753,1100,1753
1754,1100,1754
1755,1100,1755
1756,1100,1756
1757,1100,1757
1758,1100,1758
1759,1100,1759
1760,1100,1760
1761,1100,1761
1762,1100,1762
1763,1100,1763
1764,1100,1764
1765,1101,1765
1766,1102,1766
1767,1103,1767
1768,1104,1768
1769,1105,1769
1770,1106,1770
1771,1107,1771
1772,1108,1772
1773,1109,1773
1774,1110,1774
1775,1111,1775
1776,1112,1776
1777,1113,1777
1778,1114,1778
1779,1115,1779
1780,1116,1780
1781,1117,1781
1782,1118,1782
1783,1119,1783
1784,1120,1784
1785,1120,1785
1786,1120,1786
1787,1120,1787
1788,1120,1788
1789,1120,1789
1790,1120,1790
1791,1120,1791
1792,1121,1792
1793,1122,1793
1794,1123,1794
1795,1124,1795
1796,1125,1796
1797,1126,1797
1798,1127,1798
1799,1128,1799
1800,1129,1800
1801,1130,1801
1802,1131,1802
1803,1132,1803
1804,1133,1804
1805,1134,1805
1806,1135,1806
1807,1136,1807
1808,1137,1808
1809,1138,1809
1810,1139,1810
1811,1140,1811
1812,1140,1812
1813,1140,1813
1814,1140,1814
1815,1140,1815
1816,1140,1816
1817,1141,1817
1818,1142,1818
1819,1143,1819
1820,1144,1820
1821,1145,1821
1822,1146,1822
1823,1147,1823
1824,1148,1824
1825,1149,1825
1826,1150,1826
1827,1151,1827
1828,1152,1828
1829,1153,1829
1830,1154,1830
1831,1155,1831
1832,1156,1832
1833,1157,1833
1834,1158,1834
1835,1159,1835
1836,1160,1836
1837,1160,1837
1838,1160,1838
1839,1161,1839
1840,1162,1840
1841,1163,1841
1842,1164,1842
1843,1165,1843
1844,1166,1844
1845,1167,1845
1846,1168,1846
1847,1169,1847
1848,1170,1848
1849,1171,1849
1850,1172,1850
1851,1173,1851
1852,1174,1852
1853,1175,1853
1854,1176,1854
1855,1177,1855
1856,1178,1856
1857,1179,1857
1858,1180,1858
1859,1180,1859
1860,1180,1860
1861,1180,1861
1862,1181,1862
1863,1182,1863
1864,1183,1864
1865,1184,1865
1866,1185,1866
1867,1186,1867
1868,1187,1868
1869,1188,1869
1870,1189,1870
1871,1190,1871
1872,1191,1872
1873,1192,1873
1874,1193,1874
1875,1194,1875
1876,1195,1876
1877,1196,1877
1878,1197,1878
1879,1198,1879
1880,1199,1880
1881,1200,1881
1882,1200,1882
1883,1200,1883
1884,1200,1884
1885,1200,1885
1886,1200,1886
1887,1200,1887
1888,1200,1888
1889,1200,1889
1890,1200,1890
1891,1200,1891
1892,1200,1892
1893,1200,1893
1894,1200,1894
1895,1200,1895
1896,1200,1896
1897,1200,1897
1898,1200,1898
1899,1200,1899
1900,1200,1900
1901,1200,1901
1902,1200,1902
1903,1201,1903
1904,1202,1904
1905,1203,1905
1906,1204,1906
1907,1205,1907
1908,1206,1908
1909,1207,1909
1910,1208,1910
1911,1209,1911
1912,1210,1912
1913,1211,1913
1914,1212,1914
1915,1213,1915
1916,1214,1916
1917,1215,1917
1918,1216,1918
1919,1217,1919
1920,1218,1920
1921,1219,1921
1922,1220,1922
1923,1221,1923
1924,1222,1924
1925,1223,1925
1926,1224,1926
1927,1225,1927
1928,1226,1928
1929,1227,1929
1930,1228,1930
1931,1229,1931
1932,1230,1932
1933,1231,1933
1934,1232,1934
1935,1233,1935
1936,1234,1936
1937,1235,1937
1938,1236,1938
1939,1237,1939
1940,1238,1940
1941,1239,1941
1942,1240,1942
1943,1241,1943
1944,1242,1944
1945,1243,1945
1946,1244,1946
1947,1245,1947
1948,1246,1948
1949,1247,1949
1950,1248,1950
1951,1249,1951
1952,1250,1952
1953,1251,1953
1954,1252,1954
1955,1253,1955
1956,1254,1956
1957,1255,1957
1958,1256,1958
1959,1257,1959
1960,1258,1960
1961,1259,1961
1962,1260,1962
1963,1261,1963
1964,1262,1964
1965,1263,1965
1966,1264,1966
1967,1265,1967
1968,1266,1968
1969,1267,1969
1970,1268,1970
1971,1269,1971
1972,1270,1972
1973,1271,1973
1974,1272,1974
1975,1273,1975
1976,1274,1976
1977,1275,1977
1978,1276,1978
1979,1277,1979
1980,1278,1980
1981,1279,1981
1982,1280,1982
1983,1280,1983
1984,1280,1984
1985,1280,1985
1986,1280,1986
1987,1280,1987
1988,1280,1988
1989,1280,1989
1990,1280,1990
1991,1280,1991
1992,1280,1992
1993,1280,1993
1994,1280,1994
1995,1280,1995
1996,1280,1996
1997,1280,1997
1998,1280,1998
1999,1281,1999
2000,1282,2000
2001,1283,2001
2002,1284,2002
2003,1285,2003
2004,1286,2004
2005,1287,2005
2006,1288,2006
2007,1289,2007
2008,1290,2008
2009,1291,2009
2010,1292,2010
2011,1293,2011
2012,1294,2012
2013,1295,2013
2014,1296,2014
2015,1297,2015
2016,1298,2016
2017,1299,2017
2018,1300,2018
2019,1301,2019
2020,1302,2020
2021,1303,2021
2022,1304,2022
2023,1305,2023
2024,1306,2024
2025,1307,2025
2026,1308,2026
2027,1309,2027
2028,1310,2028
2029,1311,2029
2030,1312,2030
2031,1313,2031
2032,1314,2032
2033,1315,2033
2034,1316,2034
2035,1317,2035
2036,1318,2036
2037,1319,2037
2038,1320,2038
2039,1321,2039
2040,1322,2040
2041,1323,2041
2042,1324,2042
2043,1325,2043
2044,1326,2044
2045,1327,2045
2046,1328,2046
2047,1329,2047
2048,1330,2048
2049,1331,2049
2050,1332,2050
2051,1333,2051
2052,1334,2052
2053,1335,2053
2054,1336,2054
2055,1337,2055
2056,1338,2056
2057,1339,2057
2058,1340,2058
2059,1341,2059
2060,1342,2060
2061,1343,2061
2062,1344,2062
2063,1345,2063
2064,1346,2064
2065,1347,2065
2066,1348,2066
2067,1349,2067
2068,1350,2068
2069,1351,2069
2070,1352,2070
2071,1353,2071
2072,1354,2072
2073,1355,2073
2074,1356,2074
2075,1357,2075
2076,1358,2076
2077,1359,2077
2078,1360,2078
2079,1360,2079
2080,1360,2080
2081,1360,2081
2082,1360,2082
2083,1360,2083
2084,1360,2084
2085,1360,2085
2086,1360,2086
2087,1360,2087
2088,1360,2088
2089,1360,2089
2090,1360,2090
2091,1360,2091
2092,1360,2092
2093,1360,2093
2094,1360,2094
2095,1360,2095
2096,1360,2096
2097,1360,2097
2098,1360,2098
2099,1360,2099
2100,1360,2100
2101,1360,2101
2102,1360,2102
2103,1360,2103
2104,1360,2104
2105,1360,2105
2106,1360,2106
2107,1360,2107
2108,1360,2108
2109,1360,2109
2110,1360,2110
2111,1360,2111
2112,1360,2112
2113,1360,2113
2114,1360,2114
2115,1360,2115
2116,1360,2116
2117,1361,2117
2118,1362,2118
2119,1363,2119
2120,1364,2120
2121,1365,2121
2122,1366,2122
2123,1367,2123
2124,1368,2124
2125,1369,2125
2126,1370,2126
2127,1371,2127
2128,1372,2128
2129,1373,2129
2130,1374,2130
2131,1375,2131
2132,1376,2132
2133,1377,2133
2134,1378,2134
2135,1379,2135
2136,1380,2136
2137,1381,2137
2138,1382,2138
2139,1383,2139
2140,1384,2140
2141,1385,2141
2142,1386,2142
2143,1387,2143
2144,1388,2144
2145,1389,2145
2146,1390,2146
2147,1391,2147
2148,1392,2148
2149,1393,2149
2150,1394,2150
2151,1395,2151
2152,1396,2152
2153,1397,2153
2154,1398,2154
2155,1399,2155
2156,1400,2156
2157,1401,2157
2158,1402,2158
2159,1403,2159
2160,1404,2160
2161,1405,2161
2162,1406,2162
2163,1407,2163
2164,1408,2164
2165,1409,2165
2166,1410,2166
2167,1411,2167
2168,1412,2168
2169,1413,2169
2170,1414,2170
2171,1415,2171
2172,1416,2172
2173,1417,2173
2174,1418,2174
2175,1419,2175
2176,1420,2176
2177,1421,2177
2178,1422,2178
2179,1423,2179
2180,1424,2180
2181,1425,2181
2182,1426,2182
2183,1427,2183
2184,1428,2184
2185,1429,2185
2186,1430,2186
2187,1431,2187
2188,1432,2188
2189,1433,2189
2190,1434,2190
2191,1435,2191
2192,1436,2192
2193,1437,2193
2194,1438,2194
2195,1439,2195
2196,1440,2196
2197,1441,2197
2198,1442,2198
2199,1443,2199
2200,1444,2200
2201,1445,2201
2202,1446,2201
2203,1447,2201
2204,1448,2201
2205,1449,2201
2206,1450,2201
2207,1451,2201
2208,1452,2201
2209,1453,2201
2210,1454,2201
2211,1455,2201
2212,1456,2201
2213,1457,2201
2214,1458,2201
2215,1459,2201
2216,1460,2201
2217,1461,2201
2218,1462,2201
2219,1463,2201
2220,1464,2201
2221,1465,2201
2222,1466,2201
2223,1467,2201
2224,1468,2201
2225,1469,2201
2226,1470,2201
2227,1471,2201
2228,1472,2201
2229,1473,2201
2230,1474,2201
2231,1475,2201
2232,1476,2201
2233,1477,2201
2234,1478,2201
2235,1479,2201
2236,1480,2201
2237,1481,2201
2238,1482,2201
2239,1483,2201
2240,1484,2201
2241,1485,2201
2242,1486,2201
2243,1487,2201
2244,1488,2201
2245,1489,2201
2246,1490,2201
2247,1491,2201
2248,1492,2201
2249,1493,2201
2250,1494,2201
2251,1495,2201
2252,1496,2201
2253,1497,2201
2254,1498,2201
2255,1499,2201
2256,1500,2201
2257,1501,2201
2258,1502,2201
2259,1503,2201
2260,1504,2201
2261,1505,2201
2262,1506,2201
2263,1507,2201
2264,1508,2201
2265,1509,2201
2266,1510,2202
2267,1511,2203
2268,1512,2204
2269,1513,2205
2270,1514,2206
2271,1515,2207
2272,1516,2208
2273,1517,2209
2274,1518,2210
2275,1519,2211
2276,1520,2212
2277,1520,2213
2278,1520,2214
2279,1520,2215
2280,1520,2216
2281,1520,2217
2282,1520,2218
2283,1521,2219
2284,1522,2220
2285,1523,2221
2286,1524,2222
2287,1525,2223
2288,1526,2224
2289,1527,2225
2290,1528,2226
2291,1529,2227
2292,1530,2228
2293,1531,2229
2294,1532,2230
2295,1533,2231
2296,1534,2232
2297,1535,2233
2298,1536,2234
2299,1537,2235
2300,1538,2236
2301,1539,2237
2302,1540,2238
2303,1541,2239
2304,1542,2240
2305,1543,2241
2306,1544,2242
2307,1545,2243
2308,1546,2244
2309,1547,2245
2310,1548,2246
2311,1549,2247
2312,1550,2248
2313,1551,2249
2314,1552,2250
2315,1553,2251
2316,1554,2252
2317,1555,2253
2318,1556,2254
2319,1557,2255
2320,1558,2256
2321,1559,2257
2322,1560,2258
2323,1561,2259
2324,1562,2260
2325,1563,2261
2326,1564,2262
2327,1565,2263
2328,1566,2264
2329,1567,2265
2330,1568,2266
2331,1569,2267
2332,1570,2268
2333,1571,2269
2334,1572,2270
2335,1573,2271
2336,1574,2272
2337,1575,2273
2338,1576,2274
2339,1577,2275
2340,1578,2276
2341,1579,2277
2342,1580,2278
2343,1581,2279
2344,1582,2280
2345,1583,2281
2346,1584,2282
2347,1585,2283
2348,1586,2284
2349,1587,2285
2350,1588,2286
2351,1589,2287
2352,1590,2288
2353,1591,2289
2354,1592,2290
2355,1593,2291
2356,1594,2292
2357,1595,2293
2358,1596,2294
2359,1597,2295
2360,1598,2296
2361,1599,2297
2362,1600,2298
2363,1600,2299
2364,1600,2300
2365,1600,2301
2366,1600,2302
2367,1600,2303
2368,1600,2304
2369,1600,2305
2370,1600,2306
2371,1600,2307
2372,1600,2308
2373,1600,2309
2374,1600,2310
2375,1600,2311
2376,1600,2312
2377,1600,2313
2378,1600,2314
2379,1600,2315
2380,1600,2316
2381,1600,2317
2382,1600,2318
2383,1600,2319
2384,1600,2320
2385,1600,2321
2386,1600,2322
2387,1600,2323
2388,1600,2324
2389,1600,2325
2390,1600,2326
2391,1600,2327
2392,1600,2328
2393,1600,2329
2394,1600,2330
2395,1600,2331
2396,1600,2332
2397,1600,2333
2398,1600,2334
2399,1600,2335
2400,1600,2336
2401,1600,2337
2402,1600,2338
2403,1600,2339
2404,1600,2340
2405,1600,2341
2406,1600,2342
2407,1600,2343
2408,1600,2344
2409,1600,2345
2410,1600,2346
2411,1600,2347
2412,1600,2348
2413,1600,2349
2414,1600,2350
2415,1600,2351
2416,1600,2352
2417,1600,2353
2418,1600,2354
2419,1600,2355
2420,1600,2356
2421,1600,2357
2422,1600,2358
2423,1600,2359
2424,1600,2360
2425,1600,2361
2426,1600,2362
2427,1600,2363
2428,1600,2364
2429,1600,2365
2430,1600,2366
2431,1600,2367
2432,1600,2368
2433,1600,2369
2434,1600,2370
2435,1600,2371
2436,1600,2372
2437,1600,2373
2438,1600,2374
2439,1600,2375
2440,1600,2376
2441,1600,2377
2442,1600,2378
2443,1600,2379
2444,1600,2380
2445,1600,2381
2446,1600,2382
2447,1600,2383
2448,1600,2384
2449,1600,2385
2450,1600,2386
2451,1600,2387
2452,1600,2388
2453,1600,2389
2454,1600,2390
2455,1600,2391
2456,1600,2392
2457,1600,2393
2458,1600,2394
2459,1600,2395
2460,1600,2396
2461,1600,2397
2462,1600,2398
2463,1600,2399
2464,1600,2400
2465,1600,2401
2466,1600,2402
2467,1600,2403
2468,1600,2404
2469,1600,2405
2470,1600,2406
2471,1600,2407
2472,1600,2408
2473,1600,2409
2474,1601,2410
2475,1602,2411
2476,1603,2412
2477,1604,2413
2478,1605,2414
2479,1606,2415
2480,1607,2416
2481,1608,2417
2482,1609,2418
2483,1610,2419
2484,1611,2420
2485,1612,2421
2486,1613,2422
2487,1614,2423
2488,1615,2424
2489,1616,2425
2490,1617,2426
2491,1618,2427
2492,1619,2428
2493,1620,2429
2494,1620,2430
2495,1620,2431
2496,1620,2432
2497,1620,2433
2498,1620,2434
2499,1620,2435
2500,1620,2436
2501,1620,2437
2502,1620,2438
2503,1620,2439
2504,1620,2440
2505,1620,2441
2506,1620,2442
2507,1620,2443
2508,1620,2444
2509,1620,2445
2510,1621,2446
2511,1622,2447
2512,1623,2448
2513,1624,2449
2514,1625,2450
2515,1626,2451
2516,1627,2452
2517,1628,2453
2518,1629,2454
2519,1630,2455
2520,1631,2456
2521,1632,2457
2522,1633,2458
2523,1634,2459
2524,1635,2460
2525,1636,2461
2526,1637,2462
2527,1638,2463
2528,1639,2464
2529,1640,2465
2530,1641,2466
2531,1642,2467
2532,1643,2468
2533,1644,2469
2534,1645,2470
2535,1646,2471
2536,1647,2472
2537,1648,2473
2538,1649,2474
2539,1650,2475
2540,1651,2476
2541,1652,2477
2542,1653,2478
2543,1654,2479
2544,1655,2480
2545,1656,2481
2546,1657,2482
2547,1658,2483
2548,1659,2484
2549,1660,2485
2550,1660,2486
2551,1660,2487
2552,1660,2488
2553,1660,2489
2554,1660,2490
2555,1660,2491
2556,1660,2492
2557,1660,2493
2558,1661,2494
2559,1662,2495
2560,1663,2496
2561,1664,2497
2562,1665,2498
2563,1666,2499
2564,1667,2500
2565,1668,2501
2566,1669,2502
2567,1670,2503
2568,1671,2504
2569,1672,2505
2570,1673,2506
2571,1674,2507
2572,1675,2508
2573,1676,2509
2574,1677,2510
2575,1678,2511
2576,1679,2512
2577,1680,2513
2578,1680,2514
2579,1680,2515
2580,1680,2516
2581,1680,2517
2582,1680,2518
2583,1680,2519
2584,1680,2520
2585,1680,2521
2586,1681,2522
2587,1682,2523
2588,1683,2524
2589,1684,2525
2590,1685,2526
2591,1686,2527
2592,1687,2528
2593,1688,2529
2594,1689,2530
2595,1690,2531
2596,1691,2532
2597,1692,2533
2598,1693,2534
2599,1694,2535
2600,1695,2536
2601,1696,2537
2602,1697,2538
2603,1698,2539
2604,1699,2540
2605,1700,2541
2606,1700,2542
2607,1700,2543
2608,1700,2544
2609,1700,2545
2610,1700,2546
2611,1700,2547
2612,1700,2548
2613,1700,2549
2614,1700,2550
2615,1700,2551
2616,1700,2552
2617,1700,2553
2618,1700,2554
2619,1700,2555
2620,1700,2556
2621,1700,2557
2622,1700,2558
2623,1700,2559
2624,1700,2560
2625,1700,2561
2626,1700,2562
2627,1700,2563
2628,1700,2564
2629,1700,2565
2630,1700,2566
2631,1700,2567
2632,1700,2568
2633,1700,2569
2634,1700,2570
2635,1700,2571
2636,1700,2572
2637,1700,2573
2638,1700,2574
2639,1700,2575
2640,1700,2576
2641,1700,2577
2642,1700,2578
2643,1700,2579
2644,1700,2580
2645,1700,2581
2646,1700,2582
2647,1700,2583
2648,1700,2584
2649,1700,2585
2650,1700,2586
2651,1700,2587
2652,1700,2588
2653,1700,2589
2654,1700,2590
2655,1700,2591
2656,1700,2592
2657,1700,2593
2658,1700,2594
2659,1700,2595
2660,1700,2596
2661,1700,2597
2662,1700,2598
2663,1700,2599
2664,1700,2600
2665,1700,2601
2666,1700,2602
2667,1700,2603
2668,1700,2604
2669,1700,2605
2670,1700,2606
2671,1700,2607
2672,1700,2608
2673,1700,2609
2674,1700,2610
2675,1700,2611
2676,1700,2612
2677,1700,2613
2678,1700,2614
2679,1700,2615
2680,1700,2616
2681,1700,2617
2682,1700,2618
2683,1700,2619
2684,1700,2620
2685,1700,2621
2686,1700,2622
2687,1700,2623
2688,1700,2624
2689,1701,2625
2690,1702,2626
2691,1703,2627
2692,1704,2628
2693,1705,2629
2694,1706,2630
2695,1707,2631
2696,1708,2632
2697,1709,2633
2698,1710,2634
2699,1711,2635
2700,1712,2636
2701,1713,2637
2702,1714,2638
2703,1715,2639
2704,1716,2640
2705,1717,2641
2706,1718,2642
2707,1719,2643
2708,1720,2644
2709,1721,2645
2710,1722,2646
2711,1723,2647
2712,1724,2648
2713,1725,2649
2714,1726,2650
2715,1727,2651
2716,1728,2652
2717,1729,2653
2718,1730,2654
2719,1731,2655
2720,1732,2656
2721,1733,2657
2722,1734,2658
2723,1735,2659
2724,1736,2660
2725,1737,2661
2726,1738,2662
2727,1739,2663
2728,1740,2664
2729,1741,2665
2730,1742,2666
2731,1743,2667
2732,1744,2668
2733,1745,2669
2734,1746,2670
2735,1747,2671
2736,1748,2672
2737,1749,2673
2738,1750,2674
2739,1751,2675
2740,1752,2676
2741,1753,2677
2742,1754,2678
2743,1755,2679
2744,1756,2680
2745,1757,2681
2746,1758,2682
2747,1759,2683
2748,1760,2684
2749,1760,2685
2750,1760,2686
2751,1760,2687
2752,1760,2688
2753,1760,2689
2754,1760,2690
2755,1760,2691
2756,1760,2692
2757,1760,2693
2758,1760,2694
2759,1760,2695
2760,1760,2696
2761,1760,2697
2762,1760,2698
2763,1760,2699
2764,1760,2700
2765,1760,2701
2766,1760,2702
2767,1760,2703
2768,1760,2704
2769,1760,2705
2770,1760,2706
2771,1760,2707
2772,1760,2708
2773,1760,2709
2774,1760,2710
2775,1760,2711
2776,1760,2712
2777,1760,2713
2778,1760,2714
2779,1760,2715
2780,1760,2716
2781,1760,2717
2782,1760,2718
2783,1760,2719
2784,1760,2720
2785,1760,2721
2786,1760,2722
2787,1760,2723
2788,1760,2724
2789,1760,2725
2790,1760,2726
2791,1760,2727
2792,1760,2728
2793,1760,2729
2794,1760,2730
2795,1760,2731
2796,1760,2732
2797,1760,2733
2798,1760,2734
2799,1760,2735
2800,1760,2736
2801,1760,2737
2802,1760,2738
2803,1760,2739
2804,1760,2740
2805,1760,2741
2806,1760,2742
2807,1760,2743
2808,1760,2744
2809,1760,2745
2810,1760,2746
2811,1760,2747
2812,1760,2748
2813,1760,2749
2814,1760,2750
2815,1760,2751
2816,1760,2752
2817,1760,2753
2818,1760,2754
2819,1760,2755
2820,1760,2756
2821,1760,2757
2822,1760,2758
2823,1760,2759
2824,1760,2760
2825,1760,2761
2826,1760,2762
2827,1760,2763
2828,1760,2764
2829,1760,2765
2830,1760,2766
2831,1760,2767
2832,1760,2768
2833,1760,2769
2834,1760,2770
2835,1760,2771
2836,1760,2772
2837,1760,2773
2838,1760,2774
2839,1760,2775
2840,1760,2776
2841,1760,2777
2842,1760,2778
2843,1760,2779
2844,1760,2780
2845,1760,2781
2846,1760,2782
2847,1760,2783
2848,1761,2784
2849,1762,2785
2850,1763,2786
2851,1764,2787
2852,1765,2788
2853,1766,2789
2854,1767,2790
2855,1768,2791
2856,1769,2792
2857,1770,2793
2858,1771,2794
2859,1772,2795
2860,1773,2796
2861,1774,2797
2862,1775,2798
2863,1776,2799
2864,1777,2800
2865,1778,2801
2866,1779,2802
2867,1780,2803
2868,1781,2804
2869,1782,2805
2870,1783,2806
2871,1784,2807
2872,1785,2808
2873,1786,2809
2874,1787,2810
2875,1788,2811
2876,1789,2812
2877,1790,2813
2878,1791,2814
2879,1792,2815
2880,1793,2816
2881,1794,2817
2882,1795,2818
2883,1796,2819
2884,1797,2820
2885,1798,2821
2886,1799,2822
2887,1800,2823
2888,1801,2824
2889,1802,2825
2890,1803,2826
2891,1804,2827
2892,1805,2828
2893,1806,2829
2894,1807,2830
2895,1808,2831
2896,1809,2832
2897,1810,2833
2898,1811,2834
2899,1812,2835
2900,1813,2836
2901,1814,2837
2902,1815,2838
2903,1816,2839
2904,1817,2840
2905,1818,2841
2906,1819,2842
2907,1820,2843
2908,1821,2844
2909,1822,2845
2910,1823,2846
2911,1824,2847
2912,1825,2848
2913,1826,2849
2914,1827,2850
2915,1828,2851
2916,1829,2852
2917,1830,2853
2918,1831,2854
2919,1832,2855
2920,1833,2856
2921,1834,2857
2922,1835,2858
2923,1836,2859
2924,1837,2860
2925,1838,2861
2926,1839,2862
2927,1840,2863
2928,1840,2864
2929,1840,2865
2930,1840,2866
2931,1840,2867
2932,1840,2868
2933,1840,2869
2934,1840,2870
2935,1840,2871
2936,1840,2872
2937,1840,2873
2938,1840,2874
2939,1840,2875
2940,1840,2876
2941,1840,2877
2942,1840,2878
2943,1840,2879
2944,1840,2880
2945,1840,2881
2946,1840,2882
2947,1840,2883
2948,1840,2884
2949,1840,2885
2950,1840,2886
2951,1840,2887
2952,1840,2888
2953,1840,2889
2954,1840,2890
2955,1840,2891
2956,1840,2892
2957,1840,2893
2958,1840,2894
2959,1840,2895
2960,1840,2896
2961,1840,2897
2962,1840,2898
2963,1840,2899
2964,1840,2900
2965,1840,2901
2966,1840,2902
2967,1840,2903
2968,1840,2904
2969,1840,2905
2970,1840,2906
2971,1840,2907
2972,1840,2908
2973,1840,2909
2974,1840,2910
2975,1840,2911
2976,1840,2912
2977,1840,2913
2978,1840,2914
2979,1840,2915
2980,1840,2916
2981,1840,2917
2982,1840,2918
2983,1840,2919
2984,1840,2920
2985,1840,2921
2986,1840,2922
2987,1840,2923
2988,1840,2924
2989,1840,2925
2990,1840,2926
2991,1840,2927
2992,1840,2928
2993,1840,2929
2994,1840,2930
2995,1840,2931
2996,1840,2932
2997,1840,2933
2998,1840,2934
2999,1840,2935
3000,1840,2936
3001,1840,2937
3002,1840,2938
3003,1841,2939
3004,1842,2940
3005,1843,2941
3006,1844,2942
3007,1845,2943
3008,1846,2944
3009,1847,2945
3010,1848,2946
3011,1849,2947
3012,1850,2948
3013,1851,2949
3014,1852,2950
3015,1853,2951
3016,1854,2952
3017,1855,2953
3018,1856,2954
3019,1857,2955
3020,1858,2956
3021,1859,2957
3022,1860,2958
3023,1861,2959
3024,1862,2960
3025,1863,2961
3026,1864,2962
3027,1865,2963
3028,1866,2964
3029,1867,2965
3030,1868,2966
3031,1869,2967
3032,1870,2968
3033,1871,2969
3034,1872,2970
3035,1873,2971
3036,1874,2972
3037,1875,2973
3038,1876,2974
3039,1877,2975
3040,1878,2976
3041,1879,2977
3042,1880,2978
3043,1881,2979
3044,1882,2980
3045,1883,2981
3046,1884,2982
3047,1885,2983
3048,1886,2984
3049,1887,2985
3050,1888,2986
3051,1889,2987
3052,1890,2988
3053,1891,2989
3054,1892,2990
3055,1893,2991
3056,1894,2992
3057,1895,2993
3058,1896,2994
3059,1897,2995
3060,1898,2996
3061,1899,2997
3062,1900,2998
3063,1901,2999
3064,1902,3000
3065,1903,3001
3066,1904,3002
3067,1905,3003
3068,1906,3004
3069,1907,3005
3070,1908,3006
3071,1909,3007
3072,1910,3008
3073,1911,3009
3074,1912,3010
3075,1913,3011
3076,1914,3012
3077,1915,3013
3078,1916,3014
3079,1917,3015
3080,1918,3016
3081,1919,3017
3082,1920,3018
3083,1920,3019
3084,1920,3020
3085,1920,3021
3086,1921,3022
3087,1922,3023
3088,1923,3024
3089,1924,3025
3090,1925,3026
3091,1926,3027
3092,1927,3028
3093,1928,3029
3094,1929,3030
3095,1930,3031
3096,1931,3032
3097,1932,3033
3098,1933,3034
3099,1934,3035
3100,1935,3036
3101,1936,3037
3102,1937,3038
3103,1938,3039
3104,1939,3040
3105,1940,3041
3106,1940,3042
3107,1940,3043
3108,1940,3044
3109,1940,3045
3110,1941,3046
3111,1942,3047
3112,1943,3048
3113,1944,3049
3114,1945,3050
3115,1946,3051
3116,1947,3052
3117,1948,3053
3118,1949,3054
3119,1950,3055
3120,1951,3056
3121,1952,3057
3122,1953,3058
3123,1954,3059
3124,1955,3060
3125,1956,3061
3126,1957,3062
3127,1958,3063
3128,1959,3064
3129,1960,3065
3130,1961,3066
3131,1962,3067
3132,1963,3068
3133,1964,3069
3134,1965,3070
3135,1966,3071
3136,1967,3072
3137,1968,3073
3138,1969,3074
3139,1970,3075
3140,1971,3076
3141,1972,3077
3142,1973,3078
3143,1974,3079
3144,1975,3080
3145,1976,3081
3146,1977,3082
3147,1978,3083
3148,1979,3084
3149,1980,3085
3150,1980,3086
3151,1980,3087
3152,1980,3088
3153,1980,3089
3154,1980,3090
3155,1980,3091
3156,1980,3092
3157,1980,3093
3158,1980,3094
3159,1980,3095
3160,1980,3096
3161,1980,3097
3162,1980,3098
3163,1980,3099
3164,1980,3100
3165,1980,3101
3166,1980,3102
3167,1980,3103
3168,1980,3104
3169,1980,3105
3170,1980,3106
3171,1980,3107
3172,1980,3108
3173,1981,3109
3174,1982,3110
3175,1983,3111
3176,1984,3112
3177,1985,3113
3178,1986,3114
3179,1987,3115
3180,1988,3116
3181,1989,3117
3182,1990,3118
3183,1991,3119
3184,1992,3120
3185,1993,3121
3186,1994,3122
3187,1995,3123
3188,1996,3124
3189,1997,3125
3190,1998,3126
3191,1999,3127
3192,2000,3128
3193,2000,3129
3194,2001,3130
3195,2002,3131
3196,2003,3132
3197,2004,3133
3198,2005,3134
3199,2006,3135
3200,2007,3136
3201,2008,3137
3202,2009,3138
3203,2010,3139
3204,2011,3140
3205,2012,3141
3206,2013,3142
3207,2014,3143
3208,2015,3144
3209,2016,3145
3210,2017,3146
3211,2018,3147
3212,2019,3148
3213,2020,3149
3214,2021,3150
3215,2022,3151
3216,2023,3152
3217,2024,3153
3218,2025,3154
3219,2026,3155
3220,2027,3156
3221,2028,3157
3222,2029,3158
3223,2030,3159
3224,2031,3160
3225,2032,3161
3226,2033,3162
3227,2034,3163
3228,2035,3164
3229,2036,3165
3230,2037,3166
3231,2038,3167
3232,2039,3168
3233,2040,3169
3234,2041,3170
3235,2042,3171
3236,2043,3172
3237,2044,3173
3238,2045,3174
3239,2046,3175
3240,2047,3176
3241,2048,3177
3242,2049,3178
3243,2050,3179
3244,2051,3180
3245,2052,3181
3246,2053,3182
3247,2054,3183
3248,2055,3184
3249,2056,3185
3250,2057,3186
3251,2058,3187
3252,2059,3188
3253,2060,3189
3254,2061,3190
3255,2062,3191
3256,2063,3192
3257,2064,3193
3258,2065,3194
3259,2066,3195
3260,2067,3196
3261,2068,3197
3262,2069,3198
3263,2070,3199
3264,2071,3200
3265,2072,3201
3266,2073,3202
3267,2074,3203
3268,2075,3204
3269,2076,3205
3270,2077,3206
3271,2078,3207
3272,2079,3208
3273,2080,3209
3274,2081,3210
3275,2082,3211
3276,2083,3212
3277,2084,3213
3278,2085,3214
3279,2086,3215
3280,2087,3216
3281,2088,3217
3282,2089,3218
3283,2090,3219
3284,2091,3220
3285,2092,3221
3286,2093,3222
3287,2094,3223
3288,2095,3224
3289,2096,3225
3290,2097,3226
3291,2098,3227
3292,2099,3228
3293,2100,3229
3294,2100,3230
3295,2100,3231
3296,2101,3232
3297,2102,3233
3298,2103,3234
3299,2104,3235
3300,2105,3236
3301,2106,3237
3302,2107,3238
3303,2108,3239
3304,2109,3240
3305,2110,3241
3306,2111,3242
3307,2112,3243
3308,2113,3244
3309,2114,3245
3310,2115,3246
3311,2116,3247
3312,2117,3248
3313,2118,3249
3314,2119,3250
3315,2120,3251
3316,2121,3252
3317,2122,3253
3318,2123,3254
3319,2124,3255
3320,2125,3256
3321,2126,3257
3322,2127,3258
3323,2128,3259
3324,2129,3260
3325,2130,3261
3326,2131,3262
3327,2132,3263
3328,2133,3264
3329,2134,3265
3330,2135,3266
3331,2136,3267
3332,2137,3268
3333,2138,3269
3334,2139,3270
3335,2140,3271
3336,2141,3272
3337,2142,3273
3338,2143,3274
3339,2144,3275
3340,2145,3276
3341,2146,3277
3342,2147,3278
3343,2148,3279
3344,2149,3280
3345,2150,3281
3346,2151,3282
3347,2152,3283
3348,2153,3284
3349,2154,3285
3350,2155,3286
3351,2156,3287
3352,2157,3288
3353,2158,3289
3354,2159,3290
3355,2160,3291
3356,2161,3292
3357,2162,3293
3358,2163,3294
3359,2164,3295
3360,2165,3296
3361,2166,3297
3362,2167,3298
3363,2168,3299
3364,2169,3300
3365,2170,3301
3366,2171,3302
3367,2172,3303
3368,2173,3304
3369,2174,3305
3370,2175,3306
3371,2176,3307
3372,2177,3308
3373,2178,3309
3374,2179,3310
3375,2180,3311
3376,2180,3312
3377,2180,3313
3378,2180,3314
3379,2180,3315
3380,2180,3316
3381,2180,3317
3382,2180,3318
3383,2180,3319
3384,2180,3320
3385,2180,3321
3386,2180,3322
3387,2180,3323
3388,2180,3324
3389,2180,3325
3390,2180,3326
3391,2180,3327
3392,2180,3328
3393,2180,3329
3394,2180,3330
3395,2180,3331
3396,2180,3332
3397,2180,3333
3398,2180,3334
3399,2180,3335
3400,2180,3336
3401,2180,3337
3402,2180,3338
3403,2180,3339
3404,2180,3340
3405,2180,3341
3406,2180,3342
3407,2180,3343
3408,2180,3344
3409,2180,3345
3410,2180,3346
3411,2180,3347
3412,2180,3348
3413,2180,3349
3414,2180,3350
3415,2180,3351
3416,2180,3352
3417,2180,3353
3418,2180,3354
3419,2180,3355
3420,2180,3356
3421,2180,3357
3422,2180,3358
3423,2180,3359
3424,2180,3360
3425,2180,3361
3426,2180,3362
3427,2180,3363
3428,2180,3364
3429,2180,3365
3430,2180,3366
3431,2180,3367
3432,2180,3368
3433,2180,3369
3434,2180,3370
3435,2180,3371
3436,2180,3372
3437,2180,3373
3438,2180,3374
3439,2180,3375
3440,2180,3376
3441,2180,3377
3442,2180,3378
3443,2180,3379
3444,2180,3380
3445,2180,3381
3446,2180,3382
3447,2180,3383
3448,2180,3384
3449,2180,3385
3450,2180,3386
3451,2180,3387
3452,2180,3388
3453,2180,3389
3454,2180,3390
3455,2180,3391
3456,2180,3392
3457,2180,3393
3458,2180,3394
3459,2180,3395
3460,2180,3396
3461,2180,3397
3462,2180,3398
3463,2180,3399
3464,2180,3400
3465,2180,3401
3466,2180,3402
3467,2180,3403
3468,2180,3404
3469,2180,3405
3470,2180,3406
3471,2180,3407
3472,2180,3408
3473,2180,3409
3474,2180,3410
3475,2180,3411
3476,2180,3412
3477,2180,3413
3478,2180,3414
3479,2180,3415
3480,2180,3416
3481,2180,3417
3482,2180,3418
3483,2180,3419
3484,2180,3420
3485,2180,3421
3486,2180,3422
3487,2180,3423
3488,2180,3424
3489,2180,3425
3490,2180,3426
3491,2180,3427
3492,2180,3428
3493,2180,3429
3494,2180,3430
3495,2180,3431
3496,2180,3432
3497,2180,3433
3498,2180,3434
3499,2180,3435
3500,2180,3436
3501,2180,3437
3502,2180,3438
3503,2180,3439
3504,2180,3440
3505,2180,3441
3506,2180,3442
3507,2180,3443
3508,2180,3444
3509,2180,3445
3510,2180,3446
3511,2180,3447
3512,2180,3448
3513,2180,3449
3514,2180,3450
3515,2180,3451
3516,2180,3452
3517,2180,3453
3518,2180,3454
3519,2180,3455
3520,2180,3456
3521,2180,3457
3522,2180,3458
3523,2180,3459
3524,2180,3460
3525,2180,3461
3526,2180,3462
3527,2180,3463
3528,2180,3464
3529,2180,3465
3530,2180,3466
3531,2180,3467
3532,2180,3468
3533,2180,3469
3534,2180,3470
3535,2180,3471
3536,2180,3472
3537,2180,3473
3538,2180,3474
3539,2180,3475
3540,2180,3476
3541,2180,3477
3542,2180,3478
3543,2180,3479
3544,2180,3480
3545,2180,3481
3546,2180,3482
3547,2180,3483
3548,2180,3484
3549,2180,3485
3550,2180,3486
3551,2180,3487
3552,2180,3488
3553,2180,3489
3554,2180,3490
3555,2180,3491
3556,2180,3492
3557,2180,3493
3558,2180,3494
3559,2180,3495
3560,2180,3496
3561,2180,3497
3562,2180,3498
3563,2180,3499
3564,2180,3500
3565,2180,3501
3566,2180,3502
3567,2180,3503
3568,2180,3504
3569,2180,3505
3570,2180,3506
3571,2180,3507
3572,2180,3508
3573,2180,3509
3574,2180,3510
3575,2180,3511
3576,2180,3512
3577,2180,3513
3578,2180,3514
3579,2180,3515
3580,2180,3516
3581,2180,3517
3582,2180,3518
3583,2180,3519
3584,2180,3520
3585,2180,3521
3586,2180,3522
3587,2180,3523
3588,2180,3524
3589,2180,3525
3590,2180,3526
3591,2180,3527
3592,2180,3528
3593,2180,3529
3594,2180,3530
3595,2180,3531
3596,2180,3532
3597,2180,3533
3598,2180,3534
3599,2180,3535
3600,2180,3536
3601,2180,3537
3602,2180,3538
3603,2180,3539
3604,2180,3540
3605,2180,3541
3606,2180,3542
3607,2180,3543
3608,2180,3544
3609,2180,3545
3610,2180,3546
3611,2180,3547
3612,2180,3548
3613,2180,3549
3614,2180,3550
3615,2180,3551
3616,2180,3552
3617,2180,3553
3618,2180,3554
3619,2180,3555
3620,2180,3556
3621,2180,3557
3622,2180,3558
3623,2180,3559
3624,2180,3560
3625,2180,3561
3626,2180,3562
3627,2180,3563
3628,2180,3564
3629,2180,3565
3630,2180,3566
3631,2180,3567
3632,2180,3568
3633,2180,3569
3634,2180,3570
3635,2180,3571
3636,2180,3572
3637,2180,3573
3638,2180,3574
3639,2180,3575
3640,2180,3576
3641,2180,3577
3642,2180,3578
3643,2180,3579
3644,2180,3580
3645,2180,3581
3646,2180,3582
3647,2181,3583
3648,2182,3584
3649,2183,3585
3650,2184,3586
3651,2185,3587
3652,2186,3588
3653,2187,3589
3654,2188,3590
3655,2189,3591
3656,2190,3592
3657,2191,3593
3658,2192,3594
3659,2193,3595
3660,2194,3596
3661,2195,3597
3662,2196,3598
3663,2197,3599
3664,2198,3600
3665,2199,3601
3666,2200,3602
3667,2201,3603
3668,2202,3604
3669,2203,3605
3670,2204,3606
3671,2205,3607
3672,2206,3608
3673,2207,3609
3674,2208,3610
3675,2209,3611
3676,2210,3612
3677,2211,3613
3678,2212,3614
3679,2213,3615
3680,2214,3616
3681,2215,3617
3682,2216,3618
3683,2217,3619
3684,2218,3620
3685,2219,3621
3686,2220,3622
3687,2220,3623
3688,2220,3624
3689,2220,3625
3690,2221,3626
3691,2222,3627
3692,2223,3628
3693,2224,3629
3694,2225,3630
3695,2226,3631
3696,2227,3632
3697,2228,3633
3698,2229,3634
3699,2230,3635
3700,2231,3636
3701,2232,3637
3702,2233,3638
3703,2234,3639
3704,2235,3640
3705,2236,3641
3706,2237,3642
3707,2238,3643
3708,2239,3644
3709,2240,3645
3710,2240,3646
3711,2240,3647
3712,2240,3648
3713,2240,3649
3714,2240,3650
3715,2240,3651
3716,2240,3652
3717,2240,3653
3718,2240,3654
3719,2240,3655
3720,2240,3656
3721,2240,3657
3722,2240,3658
3723,2240,3659
3724,2240,3660
3725,2240,3661
3726,2240,3662
3727,2240,3663
3728,2240,3664
3729,2240,3665
3730,2240,3666
3731,2240,3667
3732,2240,3668
3733,2240,3669
3734,2240,3670
3735,2240,3671
3736,2240,3672
3737,2240,3673
3738,2240,3674
3739,2240,3675
3740,2240,3676
3741,2240,3677
3742,2240,3678
3743,2241,3679
3744,2242,3680
3745,2243,3681
3746,2244,3682
3747,2245,3683
3748,2246,3684
3749,2247,3685
3750,2248,3686
3751,2249,3687
3752,2250,3688
3753,2251,3689
3754,2252,3690
3755,2253,3691
3756,2254,3692
3757,2255,3693
3758,2256,3694
3759,2257,3695
3760,2258,3696
3761,2259,3697
3762,2260,3698
3763,2261,3699
3764,2262,3700
3765,2263,3701
3766,2264,3702
3767,2265,3703
3768,2266,3704
3769,2267,3705
3770,2268,3706
3771,2269,3707
3772,2270,3708
3773,2271,3709
3774,2272,3710
3775,2273,3711
3776,2274,3712
3777,2275,3713
3778,2276,3714
3779,2277,3715
3780,2278,3716
3781,2279,3717
3782,2280,3718
3783,2281,3719
3784,2282,3720
3785,2283,3721
3786,2284,3722
3787,2285,3723
3788,2286,3724
3789,2287,3725
3790,2288,3726
3791,2289,3727
3792,2290,3728
3793,2291,3729
3794,2292,3730
3795,2293,3731
3796,2294,3732
3797,2295,3733
3798,2296,3734
3799,2297,3735
3800,2298,3736
3801,2299,3737
3802,2300,3738
3803,2301,3739
3804,2302,3740
3805,2303,3741
3806,2304,3742
3807,2305,3743
3808,2306,3744
3809,2307,3745
3810,2308,3746
3811,2309,3747
3812,2310,3748
3813,2311,3749
3814,2312,3750
3815,2313,3751
3816,2314,3752
3817,2315,3753
3818,2316,3754
3819,2317,3755
3820,2318,3756
3821,2319,3757
3822,2320,3758
3823,2321,3759
3824,2322,3760
3825,2323,3761
3826,2324,3762
3827,2325,3763
3828,2326,3764
3829,2327,3765
3830,2328,3766
3831,2329,3767
3832,2330,3768
3833,2331,3769
3834,2332,3770
3835,2333,3771
3836,2334,3772
3837,2335,3773
3838,2336,3774
3839,2337,3775
3840,2338,3776
3841,2339,3777
3842,2340,3778
3843,2341,3779
3844,2342,3780
3845,2343,3781
3846,2344,3782
3847,2345,3783
3848,2346,3784
3849,2347,3785
3850,2348,3786
3851,2349,3787
3852,2350,3788
3853,2351,3789
3854,2352,3790
3855,2353,3791
3856,2354,3792
3857,2355,3793
3858,2356,3794
3859,2357,3795
3860,2358,3796
3861,2359,3797
3862,2360,3798
3863,2360,3799
3864,2360,3800
3865,2360,3801
3866,2360,3802
3867,2360,3803
3868,2360,3804
3869,2360,3805
3870,2360,3806
3871,2360,3807
3872,2360,3808
3873,2360,3809
3874,2360,3810
3875,2360,3811
3876,2360,3812
3877,2360,3813
3878,2360,3814
3879,2360,3815
3880,2360,3816
3881,2360,3817
3882,2360,3818
3883,2360,3819
3884,2360,3820
3885,2360,3821
3886,2360,3822
3887,2360,3823
3888,2360,3824
3889,2360,3825
3890,2360,3826
3891,2360,3827
3892,2360,3828
3893,2360,3829
3894,2360,3830
3895,2360,3831
3896,2360,3832
3897,2360,3833
3898,2360,3834
3899,2360,3835
3900,2360,3836
3901,2360,3837
3902,2360,3838
3903,2361,3839
3904,2362,3840
3905,2363,3841
3906,2364,3842
3907,2365,3843
3908,2366,3844
3909,2367,3845
3910,2368,3846
3911,2369,3847
3912,2370,3848
3913,2371,3849
3914,2372,3850
3915,2373,3851
3916,2374,3852
3917,2375,3853
3918,2376,3854
3919,2377,3855
3920,2378,3856
3921,2379,3857
3922,2380,3858
3923,2381,3859
3924,2382,3860
3925,2383,3861
3926,2384,3862
3927,2385,3863
3928,2386,3864
3929,2387,3865
3930,2388,3866
3931,2389,3867
3932,2390,3868
3933,2391,3869
3934,2392,3870
3935,2393,3871
3936,2394,3872
3937,2395,3873
3938,2396,3874
3939,2397,3875
3940,2398,3876
3941,2399,3877
3942,2400,3878
3943,2400,3879
3944,2400,3880
3945,2400,3881
3946,2400,3882
3947,2400,3883
3948,2400,3884
3949,2400,3885
3950,2400,3886
3951,2400,3887
3952,2400,3888
3953,2400,3889
3954,2400,3890
3955,2400,3891
3956,2400,3892
3957,2400,3893
3958,2400,3894
3959,2400,3895
3960,2400,3896
3961,2400,3897
3962,2400,3898
3963,2400,3899
3964,2400,3900
3965,2400,3901
3966,2400,3902
3967,2400,3903
3968,2400,3904
3969,2400,3905
3970,2400,3906
3971,2400,3907
3972,2400,3908
3973,2400,3909
3974,2400,3910
3975,2400,3911
3976,2400,3912
3977,2400,3913
3978,2400,3914
3979,2400,3915
3980,2400,3916
3981,2400,3917
3982,2400,3918
3983,2400,3919
3984,2400,3920
3985,2400,3921
3986,2401,3922
3987,2402,3923
3988,2403,3924
3989,2404,3925
3990,2405,3926
3991,2406,3927
3992,2407,3928
3993,2408,3929
3994,2409,3930
3995,2410,3931
3996,2411,3932
3997,2412,3933
3998,2413,3934
3999,2414,3935
4000,2415,3936
4001,2416,3937
4002,2417,3938
4003,2418,3939
4004,2419,3940
4005,2420,3941
4006,2421,3942
4007,2422,3943
4008,2423,3944
4009,2424,3945
4010,2425,3946
4011,2426,3947
4012,2427,3948
4013,2428,3949
4014,2429,3950
4015,2430,3951
4016,2431,3952
4017,2432,3953
4018,2433,3954
4019,2434,3955
4020,2435,3956
4021,2436,3957
4022,2437,3958
4023,2438,3959
4024,2439,3960
4025,2440,3961
4026,2441,3962
4027,2442,3963
4028,2443,3964
4029,2444,3965
4030,2445,3966
4031,2446,3967
4032,2447,3968
4033,2448,3969
4034,2449,3970
4035,2450,3971
4036,2451,3972
4037,2452,3973
4038,2453,3974
4039,2454,3975
4040,2455,3976
4041,2456,3977
4042,2457,3978
4043,2458,3979
4044,2459,3980
4045,2460,3981
4046,2461,3982
4047,2462,3983
4048,2463,3984
4049,2464,3985
4050,2465,3986
4051,2466,3987
4052,2467,3988
4053,2468,3989
4054,2469,3990
4055,2470,3991
4056,2471,3992
4057,2472,3993
4058,2473,3994
4059,2474,3995
4060,2475,3996
4061,2476,3997
4062,2477,3998
4063,2478,3999
4064,2479,4000
4065,2480,4001
4066,2481,4002
4067,2482,4003
4068,2483,4004
4069,2484,4005
4070,2485,4006
4071,2486,4007
4072,2487,4008
4073,2488,4009
4074,2489,4010
4075,2490,4011
4076,2491,4012
4077,2492,4013
4078,2493,4014
4079,2494,4015
4080,2495,4016
4081,2496,4017
4082,2497,4018
4083,2498,4019
4084,2499,4020
4085,2500,4021
4086,2501,4022
4087,2502,4023
4088,2503,4024
4089,2504,4025
4090,2505,4026
4091,2506,4027
4092,2507,4028
4093,2508,4029
4094,2509,4030
4095,2510,4031
4096,2511,4032
4097,2512,4033
4098,2513,4034
4099,2514,4035
4100,2515,4036
4101,2516,4037
4102,2517,4037
4103,2518,4037
4104,2519,4037
4105,2520,4037
4106,2521,4037
4107,2522,4037
4108,2523,4037
4109,2524,4037
4110,2525,4037
4111,2526,4037
4112,2527,4037
4113,2528,4037
4114,2529,4037
4115,2530,4037
4116,2531,4037
4117,2532,4037
4118,2533,4037
4119,2534,4037
4120,2535,4037
4121,2536,4037
4122,2537,4037
4123,2538,4037
4124,2539,4037
4125,2540,4037
4126,2541,4037
4127,2542,4037
4128,2543,4037
4129,2544,4037
4130,2545,4037
4131,2546,4037
4132,2547,4037
4133,2548,4037
4134,2549,4037
4135,2550,4037
4136,2551,4037
4137,2552,4037
4138,2553,4037
4139,2554,4037
4140,2555,4037
4141,2556,4037
4142,2557,4037
4143,2558,4037
4144,2559,4037
4145,2560,4037
4146,2561,4037
4147,2562,4037
4148,2563,4038
4149,2564,4039
4150,2565,4040
4151,2566,4041
4152,2567,4042
4153,2568,4043
4154,2569,4044
4155,2570,4045
4156,2571,4046
4157,2572,4047
4158,2573,4048
4159,2574,4049
4160,2575,4050
4161,2576,4051
4162,2577,4052
4163,2578,4053
4164,2579,4054
4165,2580,4055
4166,2581,4056
4167,2582,4057
4168,2583,4058
4169,2584,4059
4170,2585,4060
4171,2586,4061
4172,2587,4062
4173,2588,4063
4174,2589,4064
4175,2590,4065
4176,2591,4066
4177,2592,4067
4178,2593,4068
4179,2594,4069
4180,2595,4070
4181,2596,4071
4182,2597,4072
4183,2598,4073
4184,2599,4074
4185,2600,4075
4186,2601,4076
4187,2602,4077
4188,2603,4078
4189,2604,4079
4190,2605,4080
4191,2606,4081
4192,2607,4082
4193,2608,4083
4194,2609,4084
4195,2610,4085
4196,2611,4086
4197,2612,4087
4198,2613,4088
4199,2614,4089
4200,2615,4090
4201,2616,4091
4202,2617,4092
4203,2618,4093
4204,2619,4094
4205,2620,4095
4206,2621,4096
4207,2622,4097
4208,2623,4098
4209,2624,4099
4210,2625,4100
4211,2626,4101
4212,2627,4102
4213,2628,4103
4214,2629,4104
4215,2630,4105
4216,2631,4106
4217,2632,4107
4218,2633,4108
4219,2634,4109
4220,2635,4110
4221,2636,4111
4222,2637,4112
4223,2638,4113
4224,2639,4114
4225,2640,4115
4226,2640,4116
4227,2640,4117
4228,2640,4118
4229,2640,4119
4230,2640,4120
4231,2640,4121
4232,2640,4122
4233,2640,4123
4234,2640,4124
4235,2640,4125
4236,2640,4126
4237,2640,4127
4238,2640,4128
4239,2640,4129
4240,2640,4130
4241,2640,4131
4242,2640,4132
4243,2640,4133
4244,2640,4134
4245,2640,4135
4246,2640,4136
4247,2640,4137
4248,2640,4138
4249,2640,4139
4250,2640,4140
4251,2640,4141
4252,2640,4142
4253,2640,4143
4254,2640,4144
4255,2640,4145
4256,2640,4146
4257,2640,4147
4258,2640,4148
4259,2640,4149
4260,2640,4150
4261,2640,4151
4262,2640,4152
4263,2640,4153
4264,2640,4154
4265,2640,4155
4266,2640,4156
4267,2640,4157
4268,2640,4158
4269,2640,4159
4270,2640,4160
4271,2640,4161
4272,2640,4162
4273,2640,4163
4274,2640,4164
4275,2640,4165
4276,2640,4166
4277,2640,4167
4278,2640,4168
4279,2640,4169
4280,2640,4170
4281,2640,4171
4282,2640,4172
4283,2640,4173
4284,2640,4174
4285,2640,4175
4286,2640,4176
4287,2640,4177
4288,2640,4178
4289,2640,4179
4290,2640,4180
4291,2640,4181
4292,2640,4182
4293,2640,4183
4294,2640,4184
4295,2640,4185
4296,2640,4186
4297,2640,4187
4298,2640,4188
4299,2640,4189
4300,2640,4190
4301,2640,4191
4302,2640,4192
4303,2640,4193
4304,2640,4194
4305,2640,4195
4306,2640,4196
4307,2640,4197
4308,2640,4198
4309,2640,4199
4310,2640,4200
4311,2640,4201
4312,2640,4202
4313,2640,4203
4314,2640,4204
4315,2640,4205
4316,2640,4206
4317,2640,4207
4318,2640,4208
4319,2640,4209
4320,2640,4210
4321,2640,4211
4322,2640,4212
4323,2640,4213
4324,2640,4214
4325,2640,4215
4326,2640,4216
4327,2640,4217
4328,2640,4218
4329,2640,4219
4330,2640,4220
4331,2640,4221
4332,2640,4222
4333,2640,4223
4334,2640,4224
4335,2640,4225
4336,2640,4226
4337,2640,4227
4338,2640,4228
4339,2641,4229
4340,2642,4230
4341,2643,4231
4342,2644,4232
4343,2645,4233
4344,2646,4234
4345,2647,4235
4346,2648,4236
4347,2649,4237
4348,2650,4238
4349,2651,4239
4350,2652,4240
4351,2653,4241
4352,2654,4242
4353,2655,4243
4354,2656,4244
4355,2657,4245
4356,2658,4246
4357,2659,4247
4358,2660,4248
4359,2660,4249
4360,2660,4250
4361,2660,4251
4362,2660,4252
4363,2660,4253
4364,2660,4254
4365,2660,4255
4366,2660,4256
4367,2660,4257
4368,2660,4258
4369,2660,4259
4370,2660,4260
4371,2660,4261
4372,2660,4262
4373,2660,4263
4374,2660,4264
4375,2661,4265
4376,2662,4266
4377,2663,4267
4378,2664,4268
4379,2665,4269
4380,2666,4270
4381,2667,4271
4382,2668,4272
4383,2669,4273
4384,2670,4274
4385,2671,4275
4386,2672,4276
4387,2673,4277
4388,2674,4278
4389,2675,4279
4390,2676,4280
4391,2677,4281
4392,2678,4282
4393,2679,4283
4394,2680,4284
4395,2681,4285
4396,2682,4286
4397,2683,4287
4398,2684,4288
4399,2685,4289
4400,2686,4290
4401,2687,4291
4402,2688,4292
4403,2689,4293
4404,2690,4294
4405,2691,4295
4406,2692,4296
4407,2693,4297
4408,2694,4298
4409,2695,4299
4410,2696,4300
4411,2697,4301
4412,2698,4302
4413,2699,4303
4414,2700,4304
4415,2700,4305
4416,2700,4306
4417,2700,4307
4418,2700,4308
4419,2700,4309
4420,2700,4310
4421,2700,4311
4422,2700,4312
4423,2700,4313
4424,2700,4314
4425,2700,4315
4426,2700,4316
4427,2700,4317
4428,2700,4318
4429,2700,4319
4430,2700,4320
4431,2700,4321
4432,2700,4322
4433,2700,4323
4434,2700,4324
4435,2700,4325
4436,2700,4326
4437,2700,4327
4438,2700,4328
4439,2700,4329
4440,2700,4330
4441,2700,4331
4442,2700,4332
4443,2700,4333
4444,2700,4334
4445,2700,4335
4446,2700,4336
4447,2700,4337
4448,2700,4338
4449,2700,4339
4450,2701,4340
4451,2702,4341
4452,2703,4342
4453,2704,4343
4454,2705,4344
4455,2706,4345
4456,2707,4346
4457,2708,4347
4458,2709,4348
4459,2710,4349
4460,2711,4350
4461,2712,4351
4462,2713,4352
4463,2714,4353
4464,2715,4354
4465,2716,4355
4466,2717,4356
4467,2718,4357
4468,2719,4358
4469,2720,4359
4470,2720,4360
4471,2720,4361
4472,2720,4362
4473,2720,4363
4474,2720,4364
4475,2720,4365
4476,2720,4366
4477,2720,4367
4478,2720,4368
4479,2720,4369
4480,2720,4370
4481,2720,4371
4482,2720,4372
4483,2720,4373
4484,2720,4374
4485,2720,4375
4486,2720,4376
4487,2720,4377
4488,2720,4378
4489,2720,4379
4490,2720,4380
4491,2720,4381
4492,2720,4382
4493,2720,4383
4494,2720,4384
4495,2720,4385
4496,2720,4386
4497,2720,4387
4498,2720,4388
4499,2720,4389
4500,2720,4390
4501,2720,4391
4502,2720,4392
4503,2720,4393
4504,2720,4394
4505,2720,4395
4506,2720,4396
4507,2720,4397
4508,2720,4398
4509,2720,4399
4510,2720,4400
4511,2720,4401
4512,2720,4402
4513,2720,4403
4514,2720,4404
4515,2720,4405
4516,2720,4406
4517,2720,4407
4518,2720,4408
4519,2720,4409
4520,2720,4410
4521,2720,4411
4522,2720,4412
4523,2720,4413
4524,2720,4414
4525,2720,4415
4526,2720,4416
4527,2720,4417
4528,2720,4418
4529,2720,4419
4530,2720,4420
4531,2720,4421
4532,2720,4422
4533,2720,4423
4534,2720,4424
4535,2720,4425
4536,2720,4426
4537,2720,4427
4538,2720,4428
4539,2720,4429
4540,2720,4430
4541,2720,4431
4542,2720,4432
4543,2720,4433
4544,2720,4434
4545,2720,4435
4546,2720,4436
4547,2720,4437
4548,2720,4438
4549,2720,4439
4550,2720,4440
4551,2720,4441
4552,2720,4442
4553,2720,4443
4554,2720,4444
4555,2720,4445
4556,2720,4446
4557,2720,4447
4558,2720,4448
4559,2720,4449
4560,2720,4450
4561,2720,4451
4562,2720,4452
4563,2720,4453
4564,2720,4454
4565,2720,4455
4566,2720,4456
4567,2720,4457
4568,2720,4458
4569,2720,4459
4570,2720,4460
4571,2720,4461
4572,2720,4462
4573,2720,4463
4574,2720,4464
4575,2720,4465
4576,2720,4466
4577,2720,4467
4578,2720,4468
4579,2720,4469
4580,2720,4470
4581,2720,4471
4582,2720,4472
4583,2720,4473
4584,2720,4474
4585,2720,4475
4586,2720,4476
4587,2720,4477
4588,2720,4478
4589,2720,4479
4590,2720,4480
4591,2720,4481
4592,2720,4482
4593,2720,4483
4594,2720,4484
4595,2720,4485
4596,2720,4486
4597,2720,4487
4598,2720,4488
4599,2720,4489
4600,2720,4490
4601,2720,4491
4602,2720,4492
4603,2720,4493
4604,2720,4494
4605,2720,4495
4606,2720,4496
4607,2720,4497
4608,2720,4498
4609,2720,4499
4610,2720,4500
4611,2720,4501
4612,2720,4502
4613,2720,4503
4614,2720,4504
4615,2720,4505
4616,2720,4506
4617,2720,4507
4618,2720,4508
4619,2720,4509
4620,2720,4510
4621,2720,4511
4622,2720,4512
4623,2720,4513
4624,2720,4514
4625,2720,4515
4626,2720,4516
4627,2720,4517
4628,2720,4518
4629,2720,4519
4630,2720,4520
4631,2720,4521
4632,2720,4522
4633,2720,4523
4634,2720,4524
4635,2720,4525
4636,2720,4526
4637,2720,4527
4638,2720,4528
4639,2720,4529
4640,2720,4530
4641,2720,4531
4642,2720,4532
4643,2720,4533
4644,2720,4534
4645,2720,4535
4646,2720,4536
4647,2720,4537
4648,2720,4538
4649,2720,4539
4650,2720,4540
4651,2720,4541
4652,2720,4542
4653,2720,4543
4654,2720,4544
4655,2720,4545
4656,2720,4546
4657,2720,4547
4658,2720,4548
4659,2720,4549
4660,2720,4550
4661,2720,4551
4662,2720,4552
4663,2720,4553
4664,2720,4554
4665,2720,4555
4666,2720,4556
4667,2720,4557
4668,2720,4558
4669,2720,4559
4670,2720,4560
4671,2720,4561
4672,2720,4562
4673,2720,4563
4674,2720,4564
4675,2720,4565
4676,2720,4566
4677,2720,4567
4678,2720,4568
4679,2720,4569
4680,2720,4570
4681,2720,4571
4682,2720,4572
4683,2720,4573
4684,2720,4574
4685,2720,4575
4686,2720,4576
4687,2720,4577
4688,2720,4578
4689,2720,4579
4690,2720,4580
4691,2720,4581
4692,2720,4582
4693,2720,4583
4694,2720,4584
4695,2720,4585
4696,2720,4586
4697,2720,4587
4698,2720,4588
4699,2720,4589
4700,2720,4590
4701,2720,4591
4702,2720,4592
4703,2720,4593
4704,2720,4594
4705,2720,4595
4706,2720,4596
4707,2720,4597
4708,2720,4598
4709,2721,4599
4710,2722,4600
4711,2723,4601
4712,2724,4602
4713,2725,4603
4714,2726,4604
4715,2727,4605
4716,2728,4606
4717,2729,4607
4718,2730,4608
4719,2731,4609
4720,2732,4610
4721,2733,4611
4722,2734,4612
4723,2735,4613
4724,2736,4614
4725,2737,4615
4726,2738,4616
4727,2739,4617
4728,2740,4618
4729,2740,4619
4730,2741,4620
4731,2742,4621
4732,2743,4622
4733,2744,4623
4734,2745,4624
4735,2746,4625
4736,2747,4626
4737,2748,4627
4738,2749,4628
4739,2750,4629
4740,2751,4630
4741,2752,4631
4742,2753,4632
4743,2754,4633
4744,2755,4634
4745,2756,4635
4746,2757,4636
4747,2758,4637
4748,2759,4638
4749,2760,4639
4750,2761,4640
4751,2762,4641
4752,2763,4642
4753,2764,4643
4754,2765,4644
4755,2766,4645
4756,2767,4646
4757,2768,4647
4758,2769,4648
4759,2770,4649
4760,2771,4650
4761,2772,4651
4762,2773,4652
4763,2774,4653
4764,2775,4654
4765,2776,4655
4766,2777,4656
4767,2778,4657
4768,2779,4658
4769,2780,4659
4770,2781,4660
4771,2782,4661
4772,2783,4662
4773,2784,4663
4774,2785,4664
4775,2786,4665
4776,2787,4666
4777,2788,4667
4778,2789,4668
4779,2790,4669
4780,2791,4670
4781,2792,4671
4782,2793,4672
4783,2794,4673
4784,2795,4674
4785,2796,4675
4786,2797,4676
4787,2798,4677
4788,2799,4678
4789,2800,4679
4790,2801,4680
4791,2802,4681
4792,2803,4682
4793,2804,4683
4794,2805,4684
4795,2806,4685
4796,2807,4686
4797,2808,4687
4798,2809,4688
4799,2810,4689
4800,2811,4690
4801,2812,4691
4802,2813,4692
4803,2814,4693
4804,2815,4694
4805,2816,4695
4806,2817,4696
4807,2818,4697
4808,2819,4698
4809,2820,4699
4810,2821,4700
4811,2822,4701
4812,2823,4702
4813,2824,4703
4814,2825,4704
4815,2826,4705
4816,2827,4706
4817,2828,4707
4818,2829,4708
4819,2830,4709
4820,2831,4710
4821,2832,4711
4822,2833,4712
4823,2834,4713
4824,2835,4714
4825,2836,4715
4826,2837,4716
4827,2838,4717
4828,2839,4718
4829,2840,4719
4830,2841,4720
4831,2842,4721
4832,2843,4722
4833,2844,4723
4834,2845,4724
4835,2846,4725
4836,2847,4726
4837,2848,4727
4838,2849,4728
4839,2850,4729
4840,2851,4730
4841,2852,4731
4842,2853,4732
4843,2854,4733
4844,2855,4734
4845,2856,4735
4846,2857,4736
4847,2858,4737
4848,2859,4738
4849,2860,4739
4850,2861,4740
4851,2862,4741
4852,2863,4742
4853,2864,4743
4854,2865,4744
4855,2866,4745
4856,2867,4746
4857,2868,4747
4858,2869,4748
4859,2870,4749
4860,2871,4750
4861,2872,4751
4862,2873,4752
4863,2874,4753
4864,2875,4754
4865,2876,4755
4866,2877,4756
4867,2878,4757
4868,2879,4758
4869,2880,4759
4870,2880,4760
4871,2880,4761
4872,2880,4762
4873,2880,4763
4874,2880,4764
4875,2881,4765
4876,2882,4766
4877,2883,4767
4878,2884,4768
4879,2885,4769
4880,2886,4770
4881,2887,4771
4882,2888,4772
4883,2889,4773
4884,2890,4774
4885,2891,4775
4886,2892,4776
4887,2893,4777
4888,2894,4778
4889,2895,4779
4890,2896,4780
4891,2897,4781
4892,2898,4782
4893,2899,4783
4894,2900,4784
4895,2901,4785
4896,2902,4786
4897,2903,4787
4898,2904,4788
4899,2905,4789
4900,2906,4790
4901,2907,4791
4902,2908,4792
4903,2909,4793
4904,2910,4794
4905,2911,4795
4906,2912,4796
4907,2913,4797
4908,2914,4798
4909,2915,4799
4910,2916,4800
4911,2917,4801
4912,2918,4802
4913,2919,4803
4914,2920,4804
4915,2921,4805
4916,2922,4806
4917,2923,4807
4918,2924,4808
4919,2925,4809
4920,2926,4810
4921,2927,4811
4922,2928,4812
4923,2929,4813
4924,2930,4814
4925,2931,4815
4926,2932,4816
4927,2933,4817
4928,2934,4818
4929,2935,4819
4930,2936,4820
4931,2937,4821
4932,2938,4822
4933,2939,4823
4934,2940,4824
4935,2941,4825
4936,2942,4826
4937,2943,4827
4938,2944,4828
4939,2945,4829
4940,2946,4830
4941,2947,4831
4942,2948,4832
4943,2949,4833
4944,2950,4834
4945,2951,4835
4946,2952,4836
4947,2953,4837
4948,2954,4838
4949,2955,4839
4950,2956,4840
4951,2957,4841
4952,2958,4842
4953,2959,4843
4954,2960,4844
4955,2961,4845
4956,2962,4846
4957,2963,4847
4958,2964,4848
4959,2965,4849
4960,2966,4850
4961,2967,4851
4962,2968,4852
4963,2969,4853
4964,2970,4854
4965,2971,4855
4966,2972,4856
4967,2973,4857
4968,2974,4858
4969,2975,4859
4970,2976,4860
4971,2977,4861
4972,2978,4862
4973,2979,4863
4974,2980,4864
4975,2981,4865
4976,2982,4866
4977,2983,4867
4978,2984,4868
4979,2985,4869
4980,2986,4870
4981,2987,4871
4982,2988,4872
4983,2989,4873
4984,2990,4874
4985,2991,4875
4986,2992,4876
4987,2993,4877
4988,2994,4878
4989,2995,4879
4990,2996,4880
4991,2997,4881
4992,2998,4882
4993,2999,4883
4994,3000,4884
4995,3001,4885
4996,3002,4886
4997,3003,4887
4998,3004,4888
4999,3005,4889
5000,3006,4890
5001,3007,4891
5002,3008,4892
5003,3009,4893
5004,3010,4894
5005,3011,4895
5006,3012,4896
5007,3013,4897
5008,3014,4898
5009,3015,4899
5010,3016,4900
5011,3017,4901
5012,3018,4902
5013,3019,4903
5014,3020,4904
5015,3021,4905
5016,3022,4906
5017,3023,4907
5018,3024,4908
5019,3025,4909
5020,3026,4910
5021,3027,4911
5022,3028,4912
5023,3029,4913
5024,3030,4914
5025,3031,4915
5026,3032,4916
5027,3033,4917
5028,3034,4918
5029,3035,4919
5030,3036,4920
5031,3037,4921
5032,3038,4922
5033,3039,4923
5034,3040,4924
5035,3041,4925
5036,3042,4926
5037,3043,4927
5038,3044,4928
5039,3045,4929
5040,3046,4930
5041,3047,4931
5042,3048,4932
5043,3049,4933
5044,3050,4934
5045,3051,4935
5046,3052,4936
5047,3053,4937
5048,3054,4938
5049,3055,4939
5050,3056,4940
5051,3057,4941
5052,3058,4942
5053,3059,4943
5054,3060,4944
5055,3061,4945
5056,3062,4946
5057,3063,4947
5058,3064,4948
5059,3065,4949
5060,3066,4950
5061,3067,4951
5062,3068,4952
5063,3069,4953
5064,3070,4954
5065,3071,4955
5066,3072,4956
5067,3073,4957
5068,3074,4958
5069,3075,4959
5070,3076,4960
5071,3077,4961
5072,3078,4962
5073,3079,4963
5074,3080,4964
5075,3081,4965
5076,3082,4966
5077,3083,4967
5078,3084,4968
5079,3085,4969
5080,3086,4970
5081,3087,4971
5082,3088,4972
5083,3089,4973
5084,3090,4974
5085,3091,4975
5086,3092,4976
5087,3093,4977
5088,3094,4978
5089,3095,4979
5090,3096,4980
5091,3097,4981
5092,3098,4982
5093,3099,4983
5094,3100,4984
5095,3101,4985
5096,3102,4986
5097,3103,4987
5098,3104,4988
5099,3105,4989
5100,3106,4990
5101,3107,4991
5102,3108,4992
5103,3109,4993
5104,3110,4994
5105,3111,4995
5106,3112,4996
5107,3113,4997
5108,3114,4998
5109,3115,4999
5110,3116,5000
5111,3117,5001
5112,3118,5002
5113,3119,5003
5114,3120,5004
5115,3121,5005
5116,3122,5006
5117,3123,5007
5118,3124,5008
5119,3125,5009
5120,3126,5010
5121,3127,5011
5122,3128,5012
5123,3129,5013
5124,3130,5014
5125,3131,5015
5126,3132,5016
5127,3133,5017
5128,3134,5018
5129,3135,5019
5130,3136,5020
5131,3137,5021
5132,3138,5022
5133,3139,5023
5134,3140,5024
5135,3141,5025
5136,3142,5026
5137,3143,5027
5138,3144,5028
5139,3145,5029
5140,3146,5030
5141,3147,5031
5142,3148,5032
5143,3149,5033
5144,3150,5034
5145,3151,5035
5146,3152,5036
5147,3153,5037
5148,3154,5038
5149,3155,5039
5150,3156,5040
5151,3157,5041
5152,3158,5042
5153,3159,5043
5154,3160,5044
5155,3161,5044
5156,3162,5045
5157,3163,5046
5158,3164,5047
5159,3165,5048
5160,3166,5049
5161,3167,5050
5162,3168,5051
5163,3169,5052
5164,3170,5053
5165,3171,5054
5166,3172,5055
5167,3173,5056
5168,3174,5057
5169,3175,5058
5170,3176,5059
5171,3177,5060
5172,3178,5061
5173,3179,5062
5174,3180,5063
5175,3181,5063
5176,3182,5063
5177,3183,5063
5178,3184,5063
5179,3185,5063
5180,3186,5063
5181,3187,5063
5182,3188,5063
5183,3189,5063
5184,3190,5063
5185,3191,5063
5186,3192,5063
5187,3193,5063
5188,3194,5063
5189,3195,5063
5190,3196,5063
5191,3197,5063
5192,3198,5063
5193,3199,5064
5194,3200,5065
5195,3201,5066
5196,3202,5067
5197,3203,5068
5198,3204,5069
5199,3205,5070
5200,3206,5071
5201,3207,5072
5202,3208,5073
5203,3209,5074
5204,3210,5075
5205,3211,5076
5206,3212,5077
5207,3213,5078
5208,3214,5079
5209,3215,5080
5210,3216,5081
5211,3217,5082
5212,3218,5083
5213,3219,5084
5214,3220,5085
5215,3220,5086
5216,3220,5087
5217,3220,5088
5218,3220,5089
5219,3220,5090
5220,3220,5091
5221,3220,5092
5222,3220,5093
5223,3220,5094
5224,3220,5095
5225,3220,5096
5226,3220,5097
5227,3220,5098
5228,3220,5099
5229,3220,5100
5230,3220,5101
5231,3220,5102
5232,3220,5103
5233,3220,5104
5234,3220,5105
5235,3220,5106
5236,3220,5107
5237,3220,5108
5238,3220,5109
5239,3220,5110
5240,3220,5111
5241,3220,5112
5242,3220,5113
5243,3220,5114
5244,3220,5115
5245,3220,5116
5246,3220,5117
5247,3220,5118
5248,3220,5119
5249,3220,5120
5250,3220,5121
5251,3220,5122
5252,3220,5123
5253,3220,5124
5254,3220,5125
5255,3220,5126
5256,3220,5127
5257,3220,5128
5258,3220,5129
5259,3220,5130
5260,3220,5131
5261,3220,5132
5262,3220,5133
5263,3220,5134
5264,3220,5135
5265,3220,5136
5266,3220,5137
5267,3220,5138
5268,3220,5139
5269,3220,5140
5270,3220,5141
5271,3220,5142
5272,3220,5143
5273,3220,5144
5274,3220,5145
5275,3220,5146
5276,3220,5147
5277,3220,5148
5278,3220,5149
5279,3220,5150
5280,3220,5151
5281,3220,5152
5282,3220,5153
5283,3220,5154
5284,3220,5155
5285,3220,5156
5286,3220,5157
5287,3220,5158
5288,3220,5159
5289,3220,5160
5290,3220,5161
5291,3220,5162
5292,3220,5163
5293,3220,5164
5294,3220,5165
5295,3220,5166
5296,3220,5167
5297,3220,5168
5298,3220,5169
5299,3220,5170
5300,3220,5171
5301,3220,5172
5302,3220,5173
5303,3220,5174
5304,3220,5175
5305,3220,5176
5306,3220,5177
5307,3220,5178
5308,3220,5179
5309,3220,5180
5310,3220,5181
5311,3220,5182
5312,3220,5183
5313,3220,5184
5314,3220,5185
5315,3220,5186
5316,3220,5187
5317,3220,5188
5318,3220,5189
5319,3220,5190
5320,3220,5191
5321,3220,5192
5322,3220,5193
5323,3220,5194
5324,3220,5195
5325,3220,5196
5326,3220,5197
5327,3220,5198
5328,3220,5199
5329,3220,5200
5330,3220,5201
5331,3220,5202
5332,3220,5203
5333,3220,5204
5334,3220,5205
5335,3220,5206
5336,3220,5207
5337,3220,5208
5338,3220,5209
5339,3220,5210
5340,3220,5211
5341,3220,5212
5342,3220,5213
5343,3220,5214
5344,3220,5215
5345,3220,5216
5346,3220,5217
5347,3220,5218
5348,3220,5219
5349,3220,5220
5350,3220,5221
5351,3220,5222
5352,3220,5223
5353,3220,5224
5354,3220,5225
5355,3220,5226
5356,3220,5227
5357,3220,5228
5358,3220,5229
5359,3220,5230
5360,3220,5231
5361,3220,5232
5362,3220,5233
5363,3220,5234
5364,3220,5235
5365,3220,5236
5366,3220,5237
5367,3220,5238
5368,3220,5239
5369,3220,5240
5370,3220,5241
5371,3220,5242
5372,3220,5243
5373,3220,5244
5374,3220,5245
5375,3220,5246
5376,3220,5247
5377,3220,5248
5378,3220,5249
5379,3220,5250
5380,3220,5251
5381,3220,5252
5382,3220,5253
5383,3220,5254
5384,3220,5255
5385,3220,5256
5386,3220,5257
5387,3220,5258
5388,3220,5259
5389,3220,5260
5390,3220,5261
5391,3220,5262
5392,3220,5263
5393,3220,5264
5394,3220,5265
5395,3220,5266
5396,3220,5267
5397,3220,5268
5398,3220,5269
5399,3220,5270
5400,3220,5271
5401,3220,5272
5402,3220,5273
5403,3220,5274
5404,3220,5275
5405,3220,5276
5406,3220,5277
5407,3220,5278
5408,3220,5279
5409,3220,5280
5410,3220,5281
5411,3220,5282
5412,3220,5283
5413,3220,5284
5414,3220,5285
5415,3220,5286
5416,3220,5287
5417,3220,5288
5418,3220,5289
5419,3220,5290
5420,3220,5291
5421,3220,5292
5422,3220,5293
5423,3220,5294
5424,3220,5295
5425,3220,5296
5426,3220,5297
5427,3220,5298
5428,3220,5299
5429,3220,5300
5430,3220,5301
5431,3220,5302
5432,3220,5303
5433,3220,5304
5434,3220,5305
5435,3220,5306
5436,3220,5307
5437,3220,5308
5438,3220,5309
5439,3220,5310
5440,3220,5311
5441,3220,5312
5442,3220,5313
5443,3220,5314
5444,3220,5315
5445,3220,5316
5446,3220,5317
5447,3220,5318
5448,3220,5319
5449,3220,5320
5450,3220,5321
5451,3220,5322
5452,3220,5323
5453,3220,5324
5454,3220,5325
5455,3220,5326
5456,3220,5327
5457,3220,5328
5458,3220,5329
5459,3220,5330
5460,3220,5331
5461,3220,5332
5462,3220,5333
5463,3220,5334
5464,3220,5335
5465,3220,5336
5466,3220,5337
5467,3220,5338
5468,3220,5339
5469,3220,5340
5470,3220,5341
5471,3220,5342
5472,3220,5343
5473,3220,5344
5474,3220,5345
5475,3220,5346
5476,3220,5347
5477,3220,5348
5478,3220,5349
5479,3220,5350
5480,3220,5351
5481,3220,5352
5482,3220,5353
5483,3220,5354
5484,3220,5355
5485,3220,5356
5486,3220,5357
5487,3220,5358
5488,3220,5359
5489,3220,5360
5490,3220,5361
5491,3220,5362
5492,3220,5363
5493,3220,5364
5494,3220,5365
5495,3220,5366
5496,3220,5367
5497,3220,5368
5498,3220,5369
5499,3220,5370
5500,3220,5371
5501,3220,5372
5502,3220,5373
5503,3220,5374
5504,3220,5375
5505,3220,5376
5506,3220,5377
5507,3220,5378
5508,3220,5379
5509,3220,5380
5510,3220,5381
5511,3220,5382
5512,3220,5383
5513,3220,5384
5514,3220,5385
5515,3220,5386
5516,3220,5387
5517,3220,5388
5518,3220,5389
5519,3220,5390
5520,3220,5391
5521,3220,5392
5522,3220,5393
5523,3220,5394
5524,3220,5395
5525,3220,5396
5526,3220,5397
5527,3220,5398
5528,3220,5399
5529,3220,5400
5530,3220,5401
5531,3220,5402
5532,3220,5403
5533,3220,5404
5534,3220,5405
5535,3220,5406
5536,3220,5407
5537,3220,5408
5538,3220,5409
5539,3220,5410
5540,3220,5411
5541,3220,5412
5542,3220,5413
5543,3220,5414
5544,3220,5415
5545,3220,5416
5546,3220,5417
5547,3220,5418
5548,3220,5419
5549,3220,5420
5550,3220,5421
5551,3220,5422
5552,3220,5423
5553,3220,5424
5554,3220,5425
5555,3220,5426
5556,3220,5427
5557,3220,5428
5558,3220,5429
5559,3221,5430
5560,3222,5431
5561,3223,5432
5562,3224,5433
5563,3225,5434
5564,3226,5435
5565,3227,5436
5566,3228,5437
5567,3229,5438
5568,3230,5439
5569,3231,5440
5570,3232,5441
5571,3233,5442
5572,3234,5443
5573,3235,5444
5574,3236,5445
5575,3237,5446
5576,3238,5447
5577,3239,5448
5578,3240,5449
5579,3241,5450
5580,3242,5451
5581,3243,5452
5582,3244,5453
5583,3245,5454
5584,3246,5455
5585,3247,5456
5586,3248,5457
5587,3249,5458
5588,3250,5459
5589,3251,5460
5590,3252,5461
5591,3253,5462
5592,3254,5463
5593,3255,5464
5594,3256,5465
5595,3257,5466
5596,3258,5467
5597,3259,5468
5598,3260,5469
5599,3260,5470
5600,3260,5471
5601,3260,5472
5602,3260,5473
5603,3260,5474
5604,3260,5475
5605,3261,5476
5606,3262,5477
5607,3263,5478
5608,3264,5479
5609,3265,5480
5610,3266,5481
5611,3267,5482
5612,3268,5483
5613,3269,5484
5614,3270,5485
5615,3271,5486
5616,3272,5487
5617,3273,5488
5618,3274,5489
5619,3275,5490
5620,3276,5491
5621,3277,5492
5622,3278,5493
5623,3279,5494
5624,3280,5495
5625,3280,5496
5626,3280,5497
5627,3280,5498
5628,3281,5499
5629,3282,5500
5630,3283,5501
5631,3284,5502
5632,3285,5503
5633,3286,5504
5634,3287,5505
5635,3288,5506
5636,3289,5507
5637,3290,5508
5638,3291,5509
5639,3292,5510
5640,3293,5511
5641,3294,5512
5642,3295,5513
5643,3296,5514
5644,3297,5515
5645,3298,5516
5646,3299,5517
5647,3300,5518
5648,3301,5519
5649,3302,5520
5650,3303,5521
5651,3304,5522
5652,3305,5523
5653,3306,5524
5654,3307,5525
5655,3308,5526
5656,3309,5527
5657,3310,5528
5658,3311,5529
5659,3312,5530
5660,3313,5531
5661,3314,5532
5662,3315,5533
5663,3316,5534
5664,3317,5535
5665,3318,5536
5666,3319,5537
5667,3320,5538
5668,3321,5539
5669,3322,5540
5670,3323,5541
5671,3324,5542
5672,3325,5543
5673,3326,5544
5674,3327,5545
5675,3328,5546
5676,3329,5547
5677,3330,5548
5678,3331,5549
5679,3332,5550
5680,3333,5551
5681,3334,5552
5682,3335,5553
5683,3336,5554
5684,3337,5555
5685,3338,5556
5686,3339,5557
5687,3340,5558
5688,3341,5559
5689,3342,5560
5690,3343,5561
5691,3344,5562
5692,3345,5563
5693,3346,5564
5694,3347,5565
5695,3348,5566
5696,3349,5567
5697,3350,5568
5698,3351,5569
5699,3352,5570
5700,3353,5571
5701,3354,5572
5702,3355,5573
5703,3356,5574
5704,3357,5575
5705,3358,5576
5706,3359,5577
5707,3360,5578
5708,3361,5579
5709,3362,5580
5710,3363,5581
5711,3364,5582
5712,3365,5583
5713,3366,5584
5714,3367,5585
5715,3368,5586
5716,3369,5587
5717,3370,5588
5718,3371,5589
5719,3372,5590
5720,3373,5591
5721,3374,5592
5722,3375,5593
5723,3376,5594
5724,3377,5595
5725,3378,5596
5726,3379,5597
5727,3380,5598
5728,3381,5599
5729,3382,5600
5730,3383,5601
5731,3384,5602
5732,3385,5603
5733,3386,5604
5734,3387,5605
5735,3388,5606
5736,3389,5607
5737,3390,5608
5738,3391,5609
5739,3392,5610
5740,3393,5611
5741,3394,5612
5742,3395,5613
5743,3396,5614
5744,3397,5615
5745,3398,5616
5746,3399,5617
5747,3400,5618
5748,3400,5619
5749,3400,5620
5750,3400,5621
5751,3400,5622
5752,3400,5623
5753,3400,5624
5754,3400,5625
5755,3400,5626
5756,3400,5627
5757,3400,5628
5758,3400,5629
5759,3400,5630
5760,3400,5631
5761,3400,5632
5762,3400,5633
5763,3400,5634
5764,3400,5635
5765,3400,5636
5766,3400,5637
5767,3400,5638
5768,3400,5639
5769,3400,5640
5770,3400,5641
5771,3400,5642
5772,3400,5643
5773,3400,5644
5774,3400,5645
5775,3400,5646
5776,3400,5647
5777,3400,5648
5778,3400,5649
5779,3400,5650
5780,3400,5651
5781,3400,5652
5782,3400,5653
5783,3400,5654
5784,3400,5655
5785,3400,5656
5786,3400,5657
5787,3400,5658
5788,3400,5659
5789,3400,5660
5790,3400,5661
5791,3400,5662
5792,3400,5663
5793,3400,5664
5794,3400,5665
5795,3400,5666
5796,3400,5667
5797,3400,5668
5798,3400,5669
5799,3400,5670
5800,3400,5671
5801,3400,5672
5802,3400,5673
5803,3400,5674
5804,3400,5675
5805,3400,5676
5806,3400,5677
5807,3400,5678
5808,3400,5679
5809,3400,5680
5810,3400,5681
5811,3400,5682
5812,3400,5683
5813,3400,5684
5814,3400,5685
5815,3400,5686
5816,3400,5687
5817,3400,5688
5818,3400,5689
5819,3400,5690
5820,3400,5691
5821,3400,5692
5822,3400,5693
5823,3400,5694
5824,3400,5695
5825,3400,5696
5826,3400,5697
5827,3400,5698
5828,3400,5699
5829,3400,5700
5830,3400,5701
5831,3400,5702
5832,3400,5703
5833,3400,5704
5834,3400,5705
5835,3400,5706
5836,3400,5707
5837,3400,5708
5838,3400,5709
5839,3400,5710
5840,3400,5711
5841,3400,5712
5842,3400,5713
5843,3400,5714
5844,3400,5715
5845,3400,5716
5846,3400,5717
5847,3400,5718
5848,3400,5719
5849,3400,5720
5850,3400,5721
5851,3400,5722
5852,3400,5723
5853,3400,5724
5854,3400,5725
5855,3400,5726
5856,3400,5727
5857,3400,5728
5858,3400,5729
5859,3400,5730
5860,3400,5731
5861,3400,5732
5862,3400,5733
5863,3400,5734
5864,3400,5735
5865,3400,5736
5866,3400,5737
5867,3400,5738
5868,3400,5739
5869,3400,5740
5870,3400,5741
5871,3400,5742
5872,3400,5743
5873,3400,5744
5874,3400,5745
5875,3400,5746
5876,3400,5747
5877,3400,5748
5878,3400,5749
5879,3400,5750
5880,3400,5751
5881,3400,5752
5882,3400,5753
5883,3400,5754
5884,3400,5755
5885,3400,5756
5886,3400,5757
5887,3400,5758
5888,3400,5759
5889,3400,5760
5890,3400,5761
5891,3400,5762
5892,3400,5763
5893,3400,5764
5894,3400,5765
5895,3400,5766
5896,3400,5767
5897,3400,5768
5898,3400,5769
5899,3400,5770
5900,3400,5771
5901,3400,5772
5902,3400,5773
5903,3400,5774
5904,3400,5775
5905,3400,5776
5906,3400,5777
5907,3400,5778
5908,3400,5779
5909,3400,5780
5910,3400,5781
5911,3400,5782
5912,3400,5783
5913,3400,5784
5914,3400,5785
5915,3400,5786
5916,3400,5787
5917,3400,5788
5918,3400,5789
5919,3400,5790
5920,3400,5791
5921,3400,5792
5922,3400,5793
5923,3400,5794
5924,3400,5795
5925,3400,5796
5926,3400,5797
5927,3400,5798
5928,3400,5799
5929,3400,5800
5930,3400,5801
5931,3400,5802
5932,3400,5803
5933,3400,5804
5934,3400,5805
5935,3400,5806
5936,3400,5807
5937,3400,5808
5938,3400,5809
5939,3400,5810
5940,3400,5811
5941,3400,5812
5942,3400,5813
5943,3400,5814
5944,3400,5815
5945,3400,5816
5946,3400,5817
5947,3400,5818
5948,3400,5819
5949,3400,5820
5950,3400,5821
5951,3400,5822
5952,3400,5823
5953,3400,5824
5954,3400,5825
5955,3400,5826
5956,3400,5827
5957,3400,5828
5958,3401,5829
5959,3402,5830
5960,3403,5831
5961,3404,5832
5962,3405,5833
5963,3406,5834
5964,3407,5835
5965,3408,5836
5966,3409,5837
5967,3410,5838
5968,3411,5839
5969,3412,5840
5970,3413,5841
5971,3414,5842
5972,3415,5843
5973,3416,5844
5974,3417,5845
5975,3418,5846
5976,3419,5847
5977,3420,5848
5978,3421,5849
5979,3422,5850
5980,3423,5851
5981,3424,5852
5982,3425,5853
5983,3426,5854
5984,3427,5855
5985,3428,5856
5986,3429,5857
5987,3430,5858
5988,3431,5859
5989,3432,5860
5990,3433,5861
5991,3434,5862
5992,3435,5863
5993,3436,5864
5994,3437,5865
5995,3438,5866
5996,3439,5867
5997,3440,5868
5998,3440,5869
5999,3440,5870
6000,3441,5871
6001,3442,5872
6002,3443,5873
6003,3444,5874
6004,3445,5875
6005,3446,5876
6006,3447,5877
6007,3448,5878
6008,3449,5879
6009,3450,5880
6010,3451,5881
6011,3452,5882
6012,3453,5883
6013,3454,5884
6014,3455,5885
6015,3456,5886
6016,3457,5887
6017,3458,5888
6018,3459,5889
6019,3460,5890
6020,3461,5891
6021,3462,5892
6022,3463,5893
6023,3464,5894
6024,3465,5895
6025,3466,5896
6026,3467,5897
6027,3468,5898
6028,3469,5899
6029,3470,5900
6030,3471,5901
6031,3472,5902
6032,3473,5903
6033,3474,5904
6034,3475,5905
6035,3476,5906
6036,3477,5907
6037,3478,5908
6038,3479,5909
6039,3480,5910
