id,pitch,onset_beat,duration_beat,onset_quarter,duration_quarter,voice
P02_p2n3,50,6.0,1.0,6.0,1.0,1
P00_p0n3,54,6.0,15.5,6.0,15.5,1
P02_p2n5,57,8.0,1.0,8.0,1.0,1
P02_p2n6,50,9.0,0.5,9.0,0.5,1
P02_p2n7,50,9.5,0.5,9.5,0.5,1
P02_p2n8,50,10.0,1.0,10.0,1.0,1
P02_p2n10,57,12.0,0.6666666865348816,12.0,0.6666666865348816,1
P02_p2n11,50,12.666666984558105,0.6666666865348816,12.666666984558105,0.6666666865348816,1
P02_p2n12,50,13.333333015441895,0.6666666865348816,13.333333015441895,0.6666666865348816,1
P02_p2n13,50,14.0,1.0,14.0,1.0,1
P01_p1n7,50,14.0,7.5,14.0,7.5,1
P02_p2n15,57,16.0,1.0,16.0,1.0,1
P02_p2n16,50,17.0,0.5,17.0,0.5,1
P02_p2n17,50,17.5,0.5,17.5,0.5,1
P02_p2n18,50,18.0,1.0,18.0,1.0,1
P02_p2n20,57,20.0,0.6666666865348816,20.0,0.6666666865348816,1
P02_p2n21,50,20.66666603088379,0.6666666865348816,20.66666603088379,0.6666666865348816,1
P02_p2n22,50,21.33333396911621,0.6666666865348816,21.33333396911621,0.6666666865348816,1
P02_p2n23,50,22.0,1.0,22.0,1.0,1
P01_p1n12,50,22.0,1.0,22.0,1.0,1
P00_p0n12,54,22.0,0.6666666865348816,22.0,0.6666666865348816,1
P00_p0n13,54,22.66666603088379,0.6666666865348816,22.66666603088379,0.6666666865348816,1
P00_p0n14,52,23.33333396911621,0.6666666865348816,23.33333396911621,0.6666666865348816,1
P00_p0n15,57,24.0,1.0,24.0,1.0,1
P02_p2n25,57,24.0,1.0,24.0,1.0,1
P02_p2n26,50,25.0,0.5,25.0,0.5,1
P00_p0n16,56,25.0,1.0,25.0,1.0,1
P02_p2n27,50,25.5,0.5,25.5,0.5,1
P02_p2n28,50,26.0,1.0,26.0,1.0,1
P00_p0n17,54,26.0,1.0,26.0,1.0,1
P00_p0n18,52,27.0,1.0,27.0,1.0,1
P00_p0n19,50,28.0,1.5,28.0,1.5,1
P02_p2n30,57,28.0,0.6666666865348816,28.0,0.6666666865348816,1
P02_p2n31,50,28.66666603088379,0.6666666865348816,28.66666603088379,0.6666666865348816,1
P02_p2n32,50,29.33333396911621,0.6666666865348816,29.33333396911621,0.6666666865348816,1
P02_p2n33,50,30.0,1.0,30.0,1.0,1
P01_p1n17,50,30.0,1.0,30.0,1.0,1
P00_p0n21,57,30.0,0.6666666865348816,30.0,0.6666666865348816,1
P00_p0n22,57,30.66666603088379,0.6666666865348816,30.66666603088379,0.6666666865348816,1
P00_p0n23,57,31.33333396911621,0.6666666865348816,31.33333396911621,0.6666666865348816,1
P01_p1n19,50,32.0,1.0,32.0,1.0,1
P02_p2n35,57,32.0,1.0,32.0,1.0,1
P00_p0n24,57,32.0,1.0,32.0,1.0,1
P02_p2n36,50,33.0,0.5,33.0,0.5,1
P01_p1n20,50,33.0,1.0,33.0,1.0,1
P00_p0n25,54,33.0,1.0,33.0,1.0,1
P02_p2n37,50,33.5,0.5,33.5,0.5,1
P02_p2n38,50,34.0,1.0,34.0,1.0,1
P01_p1n21,52,34.0,0.5,34.0,0.5,1
P00_p0n26,56,34.0,0.5,34.0,0.5,1
P01_p1n22,50,34.5,0.5,34.5,0.5,1
P00_p0n27,57,34.5,0.5,34.5,0.5,1
P01_p1n23,52,35.0,1.0,35.0,1.0,1
P00_p0n28,59,35.0,1.0,35.0,1.0,1
P02_p2n40,57,36.0,0.6666666865348816,36.0,0.6666666865348816,1
P02_p2n41,50,36.66666793823242,0.6666666865348816,36.66666793823242,0.6666666865348816,1
P02_p2n42,50,37.33333206176758,0.6666666865348816,37.33333206176758,0.6666666865348816,1
P02_p2n43,50,38.0,1.0,38.0,1.0,1
P01_p1n25,56,38.0,0.6666666865348816,38.0,0.6666666865348816,1
P00_p0n30,59,38.0,1.0,38.0,1.0,1
P01_p1n26,56,38.66666793823242,0.6666666865348816,38.66666793823242,0.6666666865348816,1
P01_p1n27,56,39.33333206176758,0.6666666865348816,39.33333206176758,0.6666666865348816,1
P01_p1n28,56,40.0,1.0,40.0,1.0,1
P02_p2n45,57,40.0,1.0,40.0,1.0,1
P00_p0n32,59,40.0,1.0,40.0,1.0,1
P02_p2n46,50,41.0,0.5,41.0,0.5,1
P01_p1n29,52,41.0,1.0,41.0,1.0,1
P00_p0n33,61,41.0,1.0,41.0,1.0,1
P02_p2n47,50,41.5,0.5,41.5,0.5,1
P02_p2n48,50,42.0,1.0,42.0,1.0,1
P01_p1n30,54,42.0,0.5,42.0,0.5,1
P00_p0n34,57,42.0,0.5,42.0,0.5,1
P01_p1n31,56,42.5,0.5,42.5,0.5,1
P00_p0n35,56,42.5,0.5,42.5,0.5,1
P00_p0n36,57,43.0,1.0,43.0,1.0,1
P01_p1n32,57,43.0,1.0,43.0,1.0,1
P01_p1n33,54,44.0,0.6666666865348816,44.0,0.6666666865348816,1
P00_p0n37,54,44.0,0.6666666865348816,44.0,0.6666666865348816,1
P02_p2n50,57,44.0,0.6666666865348816,44.0,0.6666666865348816,1
P02_p2n51,50,44.66666793823242,0.6666666865348816,44.66666793823242,0.6666666865348816,1
P01_p1n34,54,44.66666793823242,0.6666666865348816,44.66666793823242,0.6666666865348816,1
P00_p0n38,54,44.66666793823242,0.6666666865348816,44.66666793823242,0.6666666865348816,1
P02_p2n52,50,45.33333206176758,0.6666666865348816,45.33333206176758,0.6666666865348816,1
P00_p0n39,52,45.33333206176758,0.6666666865348816,45.33333206176758,0.6666666865348816,1
P01_p1n35,52,45.33333206176758,0.6666666865348816,45.33333206176758,0.6666666865348816,1
P02_p2n53,50,46.0,1.0,46.0,1.0,1
P00_p0n40,57,46.0,1.0,46.0,1.0,1
P01_p1n36,57,46.0,1.0,46.0,1.0,1
P01_p1n37,56,47.0,1.0,47.0,1.0,1
P00_p0n41,56,47.0,1.0,47.0,1.0,1
P01_p1n38,54,48.0,1.0,48.0,1.0,1
P00_p0n42,54,48.0,1.0,48.0,1.0,1
P02_p2n55,57,48.0,1.0,48.0,1.0,1
P02_p2n56,50,49.0,0.5,49.0,0.5,1
P00_p0n43,52,49.0,1.0,49.0,1.0,1
P01_p1n39,52,49.0,1.0,49.0,1.0,1
P02_p2n57,50,49.5,0.5,49.5,0.5,1
P01_p1n40,50,50.0,11.0,50.0,11.0,1
P02_p2n58,50,50.0,1.0,50.0,1.0,1
P00_p0n44,54,50.0,11.0,50.0,11.0,1
P02_p2n60,57,52.0,0.6666666865348816,52.0,0.6666666865348816,1
P02_p2n61,50,52.66666793823242,0.6666666865348816,52.66666793823242,0.6666666865348816,1
P02_p2n62,50,53.33333206176758,0.6666666865348816,53.33333206176758,0.6666666865348816,1
P02_p2n63,50,54.0,1.0,54.0,1.0,1
P02_p2n65,57,56.0,1.0,56.0,1.0,1
P02_p2n66,50,57.0,0.5,57.0,0.5,1
P02_p2n67,50,57.5,0.5,57.5,0.5,1
P02_p2n68,50,58.0,1.0,58.0,1.0,1
P02_p2n70,57,60.0,0.6666666865348816,60.0,0.6666666865348816,1
P02_p2n71,50,60.66666793823242,0.6666666865348816,60.66666793823242,0.6666666865348816,1
P02_p2n72,50,61.33333206176758,0.6666666865348816,61.33333206176758,0.6666666865348816,1
P02_p2n73,50,62.0,1.0,62.0,1.0,1
P01_p1n47,54,62.0,0.6666666865348816,62.0,0.6666666865348816,1
P01_p1n48,54,62.66666793823242,0.6666666865348816,62.66666793823242,0.6666666865348816,1
P01_p1n49,52,63.33333206176758,0.6666666865348816,63.33333206176758,0.6666666865348816,1
P01_p1n50,57,64.0,1.0,64.0,1.0,1
P02_p2n75,57,64.0,1.0,64.0,1.0,1
P00_p0n52,61,64.0,2.0,64.0,2.0,1
P02_p2n76,50,65.0,0.5,65.0,0.5,1
P01_p1n51,56,65.0,1.0,65.0,1.0,1
P02_p2n77,50,65.5,0.5,65.5,0.5,1
P02_p2n78,50,66.0,1.0,66.0,1.0,1
P01_p1n52,54,66.0,1.0,66.0,1.0,1
P00_p0n53,62,66.0,2.0,66.0,2.0,1
P01_p1n53,52,67.0,1.0,67.0,1.0,1
P01_p1n54,50,68.0,2.5,68.0,2.5,1
P02_p2n80,57,68.0,0.6666666865348816,68.0,0.6666666865348816,1
P00_p0n54,62,68.0,0.6666666865348816,68.0,0.6666666865348816,1
P02_p2n81,50,68.66666412353516,0.6666666865348816,68.66666412353516,0.6666666865348816,1
P00_p0n55,61,68.66666412353516,0.6666666865348816,68.66666412353516,0.6666666865348816,1
P02_p2n82,50,69.33333587646484,0.6666666865348816,69.33333587646484,0.6666666865348816,1
P00_p0n56,59,69.33333587646484,0.6666666865348816,69.33333587646484,0.6666666865348816,1
P02_p2n83,50,70.0,1.0,70.0,1.0,1
P00_p0n57,57,70.0,0.6666666865348816,70.0,0.6666666865348816,1
P00_p0n58,57,70.66666412353516,0.6666666865348816,70.66666412353516,0.6666666865348816,1
P00_p0n59,57,71.33333587646484,0.6666666865348816,71.33333587646484,0.6666666865348816,1
P01_p1n58,50,72.0,2.0,72.0,2.0,1
P02_p2n85,50,72.0,1.0,72.0,1.0,1
P00_p0n60,57,72.0,1.0,72.0,1.0,1
P02_p2n86,50,73.0,0.5,73.0,0.5,1
P00_p0n61,54,73.0,1.0,73.0,1.0,1
P02_p2n87,50,73.5,0.5,73.5,0.5,1
P02_p2n88,52,74.0,1.0,74.0,1.0,1
P01_p1n59,52,74.0,1.0,74.0,1.0,1
P00_p0n62,56,74.0,0.5,74.0,0.5,1
P00_p0n63,57,74.5,0.5,74.5,0.5,1
P01_p1n60,54,75.0,1.0,75.0,1.0,1
P00_p0n64,59,75.0,1.0,75.0,1.0,1
P02_p2n90,52,76.0,0.6666666865348816,76.0,0.6666666865348816,1
P01_p1n61,56,76.0,0.6666666865348816,76.0,0.6666666865348816,1
P00_p0n65,59,76.0,0.6666666865348816,76.0,0.6666666865348816,1
P02_p2n91,50,76.66666412353516,0.6666666865348816,76.66666412353516,0.6666666865348816,1
P01_p1n62,56,76.66666412353516,0.6666666865348816,76.66666412353516,0.6666666865348816,1
P00_p0n66,59,76.66666412353516,0.6666666865348816,76.66666412353516,0.6666666865348816,1
P02_p2n92,50,77.33333587646484,0.6666666865348816,77.33333587646484,0.6666666865348816,1
P01_p1n63,56,77.33333587646484,0.6666666865348816,77.33333587646484,0.6666666865348816,1
P00_p0n67,59,77.33333587646484,0.6666666865348816,77.33333587646484,0.6666666865348816,1
P02_p2n93,52,78.0,1.0,78.0,1.0,1
P01_p1n64,56,78.0,1.0,78.0,1.0,1
P00_p0n68,59,78.0,1.0,78.0,1.0,1
P02_p2n94,52,79.0,1.0,79.0,1.0,1
P01_p1n65,52,79.0,1.0,79.0,1.0,1
P00_p0n69,56,79.0,1.0,79.0,1.0,1
P02_p2n95,50,80.0,1.0,80.0,1.0,1
P01_p1n66,54,80.0,0.5,80.0,0.5,1
P00_p0n70,57,80.0,0.5,80.0,0.5,1
P01_p1n67,56,80.5,0.5,80.5,0.5,1
P00_p0n71,59,80.5,0.5,80.5,0.5,1
P02_p2n96,50,81.0,0.5,81.0,0.5,1
P01_p1n68,57,81.0,1.0,81.0,1.0,1
P00_p0n72,61,81.0,1.0,81.0,1.0,1
P02_p2n97,50,81.5,0.5,81.5,0.5,1
P02_p2n98,50,82.0,1.0,82.0,1.0,1
P01_p1n69,54,82.0,0.6666666865348816,82.0,0.6666666865348816,1
P00_p0n73,59,82.0,1.0,82.0,1.0,1
P01_p1n70,54,82.66666412353516,0.6666666865348816,82.66666412353516,0.6666666865348816,1
P01_p1n71,52,83.33333587646484,0.6666666865348816,83.33333587646484,0.6666666865348816,1
P02_p2n100,52,84.0,0.6666666865348816,84.0,0.6666666865348816,1
P01_p1n72,57,84.0,1.0,84.0,1.0,1
P00_p0n75,57,84.0,0.6666666865348816,84.0,0.6666666865348816,1
P02_p2n101,52,84.66666412353516,0.6666666865348816,84.66666412353516,0.6666666865348816,1
P00_p0n76,59,84.66666412353516,0.6666666865348816,84.66666412353516,0.6666666865348816,1
P01_p1n73,56,85.0,1.0,85.0,1.0,1
P02_p2n102,52,85.33333587646484,0.6666666865348816,85.33333587646484,0.6666666865348816,1
P00_p0n77,61,85.33333587646484,0.6666666865348816,85.33333587646484,0.6666666865348816,1
P02_p2n103,50,86.0,1.0,86.0,1.0,1
P01_p1n74,54,86.0,1.0,86.0,1.0,1
P00_p0n78,62,86.0,1.0,86.0,1.0,1
P02_p2n104,52,87.0,1.0,87.0,1.0,1
P01_p1n75,52,87.0,1.0,87.0,1.0,1
P00_p0n79,62,87.0,1.0,87.0,1.0,1
P02_p2n105,50,88.0,1.0,88.0,1.0,1
P01_p1n76,50,88.0,1.0,88.0,1.0,1
P00_p0n80,62,88.0,1.0,88.0,1.0,1
P02_p2n106,50,89.0,0.5,89.0,0.5,1
P01_p1n77,50,89.0,0.5,89.0,0.5,1
P00_p0n81,62,89.0,0.5,89.0,0.5,1
P02_p2n107,50,89.5,0.5,89.5,0.5,1
P01_p1n78,50,89.5,0.5,89.5,0.5,1
P00_p0n82,62,89.5,0.5,89.5,0.5,1
P02_p2n108,50,90.0,1.0,90.0,1.0,1
P01_p1n79,54,90.0,1.0,90.0,1.0,1
P00_p0n83,62,90.0,1.0,90.0,1.0,1
P02_p2n110,45,93.0,0.6666666865348816,93.0,0.6666666865348816,1
P01_p1n81,54,93.0,0.6666666865348816,93.0,0.6666666865348816,1
P00_p0n85,62,93.0,0.6666666865348816,93.0,0.6666666865348816,1
P02_p2n111,47,93.66666412353516,0.6666666865348816,93.66666412353516,0.6666666865348816,1
P01_p1n82,56,93.66666412353516,0.6666666865348816,93.66666412353516,0.6666666865348816,1
P00_p0n86,64,93.66666412353516,0.6666666865348816,93.66666412353516,0.6666666865348816,1
P02_p2n112,47,94.33333587646484,0.6666666865348816,94.33333587646484,0.6666666865348816,1
P01_p1n83,56,94.33333587646484,0.6666666865348816,94.33333587646484,0.6666666865348816,1
P00_p0n87,64,94.33333587646484,0.6666666865348816,94.33333587646484,0.6666666865348816,1
P02_p2n113,50,95.0,0.6666666865348816,95.0,0.6666666865348816,1
P01_p1n84,57,95.0,0.6666666865348816,95.0,0.6666666865348816,1
P00_p0n88,66,95.0,1.5,95.0,1.5,1
P02_p2n114,50,95.66666412353516,0.6666666865348816,95.66666412353516,0.6666666865348816,1
P01_p1n85,54,95.66666412353516,0.6666666865348816,95.66666412353516,0.6666666865348816,1
P02_p2n115,50,96.33333587646484,0.6666666865348816,96.33333587646484,0.6666666865348816,1
P01_p1n86,52,96.33333587646484,0.6666666865348816,96.33333587646484,0.6666666865348816,1
P02_p2n116,50,97.0,1.0,97.0,1.0,1
P01_p1n87,57,97.0,1.0,97.0,1.0,1
P02_p2n117,49,98.0,0.5,98.0,0.5,1
P01_p1n88,56,98.0,1.0,98.0,1.0,1
P00_p0n91,64,98.0,0.5,98.0,0.5,1
P02_p2n118,49,98.5,0.5,98.5,0.5,1
P00_p0n92,64,98.5,0.5,98.5,0.5,1
P02_p2n119,47,99.0,1.0,99.0,1.0,1
P01_p1n89,54,99.0,1.0,99.0,1.0,1
P00_p0n93,62,99.0,1.5,99.0,1.5,1
P02_p2n120,52,100.0,1.0,100.0,1.0,1
P01_p1n90,56,100.0,1.0,100.0,1.0,1
P00_p0n94,59,100.5,0.5,100.5,0.5,1
P02_p2n121,50,101.0,1.3333333730697632,101.0,1.3333333730697632,1
P01_p1n91,54,101.0,1.3333333730697632,101.0,1.3333333730697632,1
P00_p0n95,57,101.0,0.6666666865348816,101.0,0.6666666865348816,1
P00_p0n96,59,101.66666412353516,0.6666666865348816,101.66666412353516,0.6666666865348816,1
P02_p2n122,52,102.33333587646484,0.6666666865348816,102.33333587646484,0.6666666865348816,1
P01_p1n92,56,102.33333587646484,0.6666666865348816,102.33333587646484,0.6666666865348816,1
P00_p0n97,61,102.33333587646484,0.6666666865348816,102.33333587646484,0.6666666865348816,1
P02_p2n123,50,103.0,0.6666666865348816,103.0,0.6666666865348816,1
P01_p1n93,57,103.0,0.6666666865348816,103.0,0.6666666865348816,1
P00_p0n98,62,103.0,0.6666666865348816,103.0,0.6666666865348816,1
P02_p2n124,50,103.66666412353516,0.6666666865348816,103.66666412353516,0.6666666865348816,1
P01_p1n94,57,103.66666412353516,0.6666666865348816,103.66666412353516,0.6666666865348816,1
P00_p0n99,62,103.66666412353516,0.6666666865348816,103.66666412353516,0.6666666865348816,1
P02_p2n125,50,104.33333587646484,0.6666666865348816,104.33333587646484,0.6666666865348816,1
P01_p1n95,57,104.33333587646484,0.6666666865348816,104.33333587646484,0.6666666865348816,1
P00_p0n100,62,104.33333587646484,0.6666666865348816,104.33333587646484,0.6666666865348816,1
P02_p2n126,50,105.0,1.0,105.0,1.0,1
P01_p1n96,57,105.0,1.0,105.0,1.0,1
P00_p0n101,62,105.0,1.0,105.0,1.0,1
P02_p2n127,47,106.0,0.5,106.0,0.5,1
P01_p1n97,54,106.0,0.5,106.0,0.5,1
P00_p0n102,59,106.0,0.5,106.0,0.5,1
P02_p2n128,47,106.5,0.5,106.5,0.5,1
P01_p1n98,54,106.5,0.5,106.5,0.5,1
P00_p0n103,59,106.5,0.5,106.5,0.5,1
P02_p2n129,49,107.0,0.5,107.0,0.5,1
P01_p1n99,56,107.0,0.5,107.0,0.5,1
P00_p0n104,61,107.0,0.5,107.0,0.5,1
P02_p2n130,50,107.5,0.5,107.5,0.5,1
P01_p1n100,57,107.5,0.5,107.5,0.5,1
P00_p0n105,62,107.5,0.5,107.5,0.5,1
P02_p2n131,52,108.0,1.0,108.0,1.0,1
P01_p1n101,59,108.0,1.0,108.0,1.0,1
P00_p0n106,64,108.0,1.0,108.0,1.0,1
P02_p2n132,47,109.0,0.6666666865348816,109.0,0.6666666865348816,1
P01_p1n102,56,109.0,0.6666666865348816,109.0,0.6666666865348816,1
P00_p0n107,64,109.0,0.6666666865348816,109.0,0.6666666865348816,1
P02_p2n133,47,109.66666412353516,0.6666666865348816,109.66666412353516,0.6666666865348816,1
P01_p1n103,56,109.66666412353516,0.6666666865348816,109.66666412353516,0.6666666865348816,1
P00_p0n108,64,109.66666412353516,0.6666666865348816,109.66666412353516,0.6666666865348816,1
P02_p2n134,47,110.33333587646484,0.6666666865348816,110.33333587646484,0.6666666865348816,1
P01_p1n104,56,110.33333587646484,0.6666666865348816,110.33333587646484,0.6666666865348816,1
P00_p0n109,64,110.33333587646484,0.6666666865348816,110.33333587646484,0.6666666865348816,1
P02_p2n135,49,111.0,0.5,111.0,0.5,1
P01_p1n105,57,111.0,0.5,111.0,0.5,1
P00_p0n110,64,111.0,0.5,111.0,0.5,1
P02_p2n136,45,111.5,0.5,111.5,0.5,1
P01_p1n106,52,111.5,0.5,111.5,0.5,1
P00_p0n111,61,111.5,0.5,111.5,0.5,1
P02_p2n137,45,112.0,1.0,112.0,1.0,1
P01_p1n107,52,112.0,1.0,112.0,1.0,1
P00_p0n112,61,112.0,1.0,112.0,1.0,1
P02_p2n138,45,113.0,0.5,113.0,0.5,1
P01_p1n108,54,113.0,0.5,113.0,0.5,1
P00_p0n113,62,113.0,0.5,113.0,0.5,1
P02_p2n139,47,113.5,0.5,113.5,0.5,1
P01_p1n109,56,113.5,0.5,113.5,0.5,1
P00_p0n114,64,113.5,0.5,113.5,0.5,1
P02_p2n140,49,114.0,1.0,114.0,1.0,1
P01_p1n110,57,114.0,1.0,114.0,1.0,1
P00_p0n115,66,114.0,1.0,114.0,1.0,1
P02_p2n141,50,115.0,0.6666666865348816,115.0,0.6666666865348816,1
P01_p1n111,57,115.0,0.6666666865348816,115.0,0.6666666865348816,1
P00_p0n116,66,115.0,0.6666666865348816,115.0,0.6666666865348816,1
P02_p2n142,50,115.66666412353516,0.6666666865348816,115.66666412353516,0.6666666865348816,1
P01_p1n112,57,115.66666412353516,0.6666666865348816,115.66666412353516,0.6666666865348816,1
P00_p0n117,66,115.66666412353516,0.6666666865348816,115.66666412353516,0.6666666865348816,1
P02_p2n143,49,116.33333587646484,0.6666666865348816,116.33333587646484,0.6666666865348816,1
P01_p1n113,56,116.33333587646484,0.6666666865348816,116.33333587646484,0.6666666865348816,1
P00_p0n118,64,116.33333587646484,0.6666666865348816,116.33333587646484,0.6666666865348816,1
P02_p2n144,54,117.0,0.6666666865348816,117.0,0.6666666865348816,1
P01_p1n114,57,117.0,0.6666666865348816,117.0,0.6666666865348816,1
P00_p0n119,62,117.0,0.6666666865348816,117.0,0.6666666865348816,1
P02_p2n145,54,117.66666412353516,0.6666666865348816,117.66666412353516,0.6666666865348816,1
P01_p1n115,57,117.66666412353516,0.6666666865348816,117.66666412353516,0.6666666865348816,1
P00_p0n120,62,117.66666412353516,0.6666666865348816,117.66666412353516,0.6666666865348816,1
P02_p2n146,52,118.33333587646484,0.6666666865348816,118.33333587646484,0.6666666865348816,1
P01_p1n116,56,118.33333587646484,0.6666666865348816,118.33333587646484,0.6666666865348816,1
P00_p0n121,61,118.33333587646484,0.6666666865348816,118.33333587646484,0.6666666865348816,1
P02_p2n147,50,119.0,1.0,119.0,1.0,1
P01_p1n117,54,119.0,1.0,119.0,1.0,1
P00_p0n122,59,119.0,1.0,119.0,1.0,1
P02_p2n148,49,120.0,1.0,120.0,1.0,1
P01_p1n118,52,120.0,1.0,120.0,1.0,1
P00_p0n123,57,120.0,1.0,120.0,1.0,1
P02_p2n149,47,121.0,4.0,121.0,4.0,1
P01_p1n119,51,121.0,6.0,121.0,6.0,1
P00_p0n124,54,121.0,6.0,121.0,6.0,1
P02_p2n151,47,125.0,2.0,125.0,2.0,1
P02_p2n152,44,127.0,0.6666666865348816,127.0,0.6666666865348816,1
P00_p0n127,56,127.0,0.6666666865348816,127.0,0.6666666865348816,1
P01_p1n122,56,127.0,0.6666666865348816,127.0,0.6666666865348816,1
P02_p2n153,44,127.66666412353516,0.6666666865348816,127.66666412353516,0.6666666865348816,1
P00_p0n128,56,127.66666412353516,0.6666666865348816,127.66666412353516,0.6666666865348816,1
P01_p1n123,56,127.66666412353516,0.6666666865348816,127.66666412353516,0.6666666865348816,1
P02_p2n154,46,128.3333282470703,0.6666666865348816,128.3333282470703,0.6666666865348816,1
P01_p1n124,54,128.3333282470703,0.6666666865348816,128.3333282470703,0.6666666865348816,1
P00_p0n129,54,128.3333282470703,0.6666666865348816,128.3333282470703,0.6666666865348816,1
P02_p2n155,47,129.0,1.0,129.0,1.0,1
P00_p0n130,59,129.0,1.0,129.0,1.0,1
P01_p1n125,59,129.0,1.0,129.0,1.0,1
P02_p2n156,46,130.0,1.0,130.0,1.0,1
P01_p1n126,58,130.0,1.0,130.0,1.0,1
P00_p0n131,61,130.0,1.0,130.0,1.0,1
P02_p2n157,47,131.0,1.0,131.0,1.0,1
P01_p1n127,56,131.0,1.0,131.0,1.0,1
P00_p0n132,63,131.0,1.0,131.0,1.0,1
P02_p2n158,51,132.0,1.0,132.0,1.0,1
P01_p1n128,54,132.0,1.0,132.0,1.0,1
P00_p0n133,59,132.0,1.0,132.0,1.0,1
P02_p2n159,52,133.0,2.0,133.0,2.0,1
P01_p1n129,56,133.0,2.0,133.0,2.0,1
P00_p0n134,59,133.0,2.0,133.0,2.0,1
P02_p2n160,52,135.0,0.6666666865348816,135.0,0.6666666865348816,1
P01_p1n130,56,135.0,0.6666666865348816,135.0,0.6666666865348816,1
P00_p0n135,59,135.0,0.6666666865348816,135.0,0.6666666865348816,1
P02_p2n161,52,135.6666717529297,0.6666666865348816,135.6666717529297,0.6666666865348816,1
P01_p1n131,56,135.6666717529297,0.6666666865348816,135.6666717529297,0.6666666865348816,1
P00_p0n136,59,135.6666717529297,0.6666666865348816,135.6666717529297,0.6666666865348816,1
P02_p2n162,52,136.3333282470703,0.6666666865348816,136.3333282470703,0.6666666865348816,1
P01_p1n132,56,136.3333282470703,0.6666666865348816,136.3333282470703,0.6666666865348816,1
P00_p0n137,59,136.3333282470703,0.6666666865348816,136.3333282470703,0.6666666865348816,1
P02_p2n163,52,137.0,1.0,137.0,1.0,1
P01_p1n133,56,137.0,1.0,137.0,1.0,1
P00_p0n138,59,137.0,1.0,137.0,1.0,1
P02_p2n164,52,138.0,1.0,138.0,1.0,1
P01_p1n134,56,138.0,1.0,138.0,1.0,1
P00_p0n139,64,138.0,1.0,138.0,1.0,1
P02_p2n165,54,139.0,0.5,139.0,0.5,1
P01_p1n135,58,139.0,0.5,139.0,0.5,1
P00_p0n140,61,139.0,0.5,139.0,0.5,1
P02_p2n166,52,139.5,0.5,139.5,0.5,1
P01_p1n136,56,139.5,0.5,139.5,0.5,1
P00_p0n141,59,139.5,0.5,139.5,0.5,1
P02_p2n167,54,140.0,1.0,140.0,1.0,1
P01_p1n137,58,140.0,1.0,140.0,1.0,1
P00_p0n142,61,140.0,1.0,140.0,1.0,1
P02_p2n168,54,141.0,0.6666666865348816,141.0,0.6666666865348816,1
P01_p1n138,58,141.0,0.6666666865348816,141.0,0.6666666865348816,1
P00_p0n143,61,141.0,0.6666666865348816,141.0,0.6666666865348816,1
P02_p2n169,54,141.6666717529297,0.6666666865348816,141.6666717529297,0.6666666865348816,1
P01_p1n139,58,141.6666717529297,0.6666666865348816,141.6666717529297,0.6666666865348816,1
P00_p0n144,61,141.6666717529297,0.6666666865348816,141.6666717529297,0.6666666865348816,1
P02_p2n170,54,142.3333282470703,0.6666666865348816,142.3333282470703,0.6666666865348816,1
P01_p1n140,58,142.3333282470703,0.6666666865348816,142.3333282470703,0.6666666865348816,1
P00_p0n145,61,142.3333282470703,0.6666666865348816,142.3333282470703,0.6666666865348816,1
P02_p2n171,54,143.0,1.0,143.0,1.0,1
P01_p1n141,58,143.0,1.0,143.0,1.0,1
P00_p0n146,61,143.0,1.0,143.0,1.0,1
P01_p1n142,54,144.0,1.0,144.0,1.0,1
P02_p2n172,54,144.0,1.0,144.0,1.0,1
P00_p0n147,66,144.0,1.0,144.0,1.0,1
P02_p2n173,56,145.0,0.5,145.0,0.5,1
P01_p1n143,56,145.0,0.5,145.0,0.5,1
P00_p0n148,63,145.0,0.5,145.0,0.5,1
P02_p2n174,54,145.5,0.5,145.5,0.5,1
P01_p1n144,58,145.5,0.5,145.5,0.5,1
P00_p0n149,61,145.5,0.5,145.5,0.5,1
P02_p2n175,56,146.0,1.0,146.0,1.0,1
P01_p1n145,59,146.0,1.0,146.0,1.0,1
P00_p0n150,63,146.0,1.0,146.0,1.0,1
P02_p2n177,44,151.0,1.3333333730697632,151.0,1.3333333730697632,1
P00_p0n152,56,151.0,1.3333333730697632,151.0,1.3333333730697632,1
P01_p1n147,56,151.0,1.3333333730697632,151.0,1.3333333730697632,1
P02_p2n178,44,152.3333282470703,1.3333333730697632,152.3333282470703,1.3333333730697632,1
P00_p0n153,56,152.3333282470703,1.3333333730697632,152.3333282470703,1.3333333730697632,1
P01_p1n148,56,152.3333282470703,1.3333333730697632,152.3333282470703,1.3333333730697632,1
P02_p2n179,46,153.6666717529297,1.3333333730697632,153.6666717529297,1.3333333730697632,1
P01_p1n149,54,153.6666717529297,1.3333333730697632,153.6666717529297,1.3333333730697632,1
P00_p0n154,54,153.6666717529297,1.3333333730697632,153.6666717529297,1.3333333730697632,1
P02_p2n180,47,155.0,2.0,155.0,2.0,1
P00_p0n155,59,155.0,2.0,155.0,2.0,1
P01_p1n150,59,155.0,2.0,155.0,2.0,1
P02_p2n181,49,157.0,2.0,157.0,2.0,1
P01_p1n151,58,157.0,2.0,157.0,2.0,1
P00_p0n156,58,157.0,2.0,157.0,2.0,1
P02_p2n182,51,159.0,2.0,159.0,2.0,1
P00_p0n157,56,159.0,2.0,159.0,2.0,1
P01_p1n152,56,159.0,2.0,159.0,2.0,1
P02_p2n183,52,161.0,2.0,161.0,2.0,1
P01_p1n153,54,161.0,2.0,161.0,2.0,1
P00_p0n158,54,161.0,2.0,161.0,2.0,1
P00_p0n159,52,163.0,6.0,163.0,6.0,1
P02_p2n184,52,163.0,1.0,163.0,1.0,1
P01_p1n154,52,163.0,6.0,163.0,6.0,1
P02_p2n186,59,165.0,1.0,165.0,1.0,1
P02_p2n187,52,166.0,0.5,166.0,0.5,1
P02_p2n188,52,166.5,0.5,166.5,0.5,1
P02_p2n189,52,167.0,1.0,167.0,1.0,1
P02_p2n191,59,169.0,0.6666666865348816,169.0,0.6666666865348816,1
P02_p2n192,52,169.6666717529297,0.6666666865348816,169.6666717529297,0.6666666865348816,1
P02_p2n193,52,170.3333282470703,0.6666666865348816,170.3333282470703,0.6666666865348816,1
P02_p2n194,52,171.0,1.0,171.0,1.0,1
P00_p0n162,56,171.0,1.3333333730697632,171.0,1.3333333730697632,1
P00_p0n163,56,172.3333282470703,1.3333333730697632,172.3333282470703,1.3333333730697632,1
P02_p2n196,59,173.0,1.0,173.0,1.0,1
P00_p0n164,54,173.6666717529297,1.3333333730697632,173.6666717529297,1.3333333730697632,1
P02_p2n197,52,174.0,0.5,174.0,0.5,1
P02_p2n198,52,174.5,0.5,174.5,0.5,1
P02_p2n199,52,175.0,1.0,175.0,1.0,1
P01_p1n158,56,175.0,1.3333333730697632,175.0,1.3333333730697632,1
P00_p0n165,59,175.0,2.0,175.0,2.0,1
P01_p1n159,56,176.3333282470703,1.3333333730697632,176.3333282470703,1.3333333730697632,1
P00_p0n166,58,177.0,2.0,177.0,2.0,1
P02_p2n201,59,177.0,0.6666666865348816,177.0,0.6666666865348816,1
P02_p2n202,52,177.6666717529297,0.6666666865348816,177.6666717529297,0.6666666865348816,1
P01_p1n160,54,177.6666717529297,1.3333333730697632,177.6666717529297,1.3333333730697632,1
P02_p2n203,52,178.3333282470703,0.6666666865348816,178.3333282470703,0.6666666865348816,1
P02_p2n204,52,179.0,1.0,179.0,1.0,1
P00_p0n167,56,179.0,2.0,179.0,2.0,1
P01_p1n161,59,179.0,2.0,179.0,2.0,1
P00_p0n168,54,181.0,2.0,181.0,2.0,1
P01_p1n162,58,181.0,2.0,181.0,2.0,1
P02_p2n206,59,181.0,1.0,181.0,1.0,1
P02_p2n207,52,182.0,0.5,182.0,0.5,1
P02_p2n208,52,182.5,0.5,182.5,0.5,1
P00_p0n169,52,183.0,4.0,183.0,4.0,1
P02_p2n209,52,183.0,1.0,183.0,1.0,1
P01_p1n163,56,183.0,2.0,183.0,2.0,1
P01_p1n164,54,185.0,2.0,185.0,2.0,1
P02_p2n211,59,185.0,0.6666666865348816,185.0,0.6666666865348816,1
P02_p2n212,52,185.6666717529297,0.6666666865348816,185.6666717529297,0.6666666865348816,1
P02_p2n213,52,186.3333282470703,0.6666666865348816,186.3333282470703,0.6666666865348816,1
P02_p2n214,52,187.0,1.0,187.0,1.0,1
P01_p1n165,52,187.0,4.0,187.0,4.0,1
P00_p0n170,59,187.0,1.3333333730697632,187.0,1.3333333730697632,1
P00_p0n171,59,188.3333282470703,1.3333333730697632,188.3333282470703,1.3333333730697632,1
P02_p2n216,59,189.0,1.0,189.0,1.0,1
P00_p0n172,59,189.6666717529297,1.3333333730697632,189.6666717529297,1.3333333730697632,1
P02_p2n217,52,190.0,0.5,190.0,0.5,1
P02_p2n218,52,190.5,0.5,190.5,0.5,1
P02_p2n219,52,191.0,1.0,191.0,1.0,1
P01_p1n166,52,191.0,4.0,191.0,4.0,1
P00_p0n173,59,191.0,2.0,191.0,2.0,1
P00_p0n174,56,193.0,2.0,193.0,2.0,1
P02_p2n221,59,193.0,0.6666666865348816,193.0,0.6666666865348816,1
P02_p2n222,52,193.6666717529297,0.6666666865348816,193.6666717529297,0.6666666865348816,1
P02_p2n223,52,194.3333282470703,0.6666666865348816,194.3333282470703,0.6666666865348816,1
P02_p2n224,52,195.0,1.0,195.0,1.0,1
P01_p1n167,54,195.0,2.0,195.0,2.0,1
P00_p0n175,58,195.0,1.0,195.0,1.0,1
P00_p0n176,59,196.0,1.0,196.0,1.0,1
P01_p1n168,54,197.0,1.0,197.0,1.0,1
P02_p2n226,59,197.0,1.0,197.0,1.0,1
P00_p0n177,61,197.0,2.0,197.0,2.0,1
P02_p2n227,52,198.0,0.5,198.0,0.5,1
P01_p1n169,56,198.0,1.0,198.0,1.0,1
P02_p2n228,52,198.5,0.5,198.5,0.5,1
P02_p2n229,52,199.0,1.0,199.0,1.0,1
P01_p1n170,58,199.0,1.3333333730697632,199.0,1.3333333730697632,1
P00_p0n178,61,199.0,6.0,199.0,6.0,1
P01_p1n171,58,200.3333282470703,1.3333333730697632,200.3333282470703,1.3333333730697632,1
P02_p2n231,59,201.0,0.6666666865348816,201.0,0.6666666865348816,1
P02_p2n232,52,201.6666717529297,0.6666666865348816,201.6666717529297,0.6666666865348816,1
P01_p1n172,58,201.6666717529297,1.3333333730697632,201.6666717529297,1.3333333730697632,1
P02_p2n233,52,202.3333282470703,0.6666666865348816,202.3333282470703,0.6666666865348816,1
P01_p1n173,58,203.0,1.0,203.0,1.0,1
P02_p2n234,59,203.0,1.0,203.0,1.0,1
P01_p1n174,54,204.0,2.0,204.0,2.0,1
P02_p2n236,59,205.0,1.0,205.0,1.0,1
P00_p0n180,63,205.0,2.0,205.0,2.0,1
P02_p2n237,52,206.0,0.5,206.0,0.5,1
P01_p1n175,54,206.0,1.0,206.0,1.0,1
P02_p2n238,52,206.5,0.5,206.5,0.5,1
P02_p2n239,52,207.0,1.0,207.0,1.0,1
P01_p1n176,56,207.0,1.0,207.0,1.0,1
P00_p0n181,59,207.0,1.0,207.0,1.0,1
P01_p1n177,58,208.0,1.0,208.0,1.0,1
P00_p0n182,58,208.0,1.0,208.0,1.0,1
P01_p1n178,59,209.0,2.0,209.0,2.0,1
P02_p2n241,59,209.0,0.6666666865348816,209.0,0.6666666865348816,1
P00_p0n183,59,209.0,2.0,209.0,2.0,1
P02_p2n242,52,209.6666717529297,0.6666666865348816,209.6666717529297,0.6666666865348816,1
P02_p2n243,52,210.3333282470703,0.6666666865348816,210.3333282470703,0.6666666865348816,1
P00_p0n184,56,211.0,1.3333333730697632,211.0,1.3333333730697632,1
P01_p1n179,56,211.0,1.3333333730697632,211.0,1.3333333730697632,1
P02_p2n244,59,211.0,1.0,211.0,1.0,1
P01_p1n180,56,212.3333282470703,1.3333333730697632,212.3333282470703,1.3333333730697632,1
P00_p0n185,56,212.3333282470703,1.3333333730697632,212.3333282470703,1.3333333730697632,1
P02_p2n246,59,213.0,1.0,213.0,1.0,1
P01_p1n181,54,213.6666717529297,1.3333333730697632,213.6666717529297,1.3333333730697632,1
P00_p0n186,54,213.6666717529297,1.3333333730697632,213.6666717529297,1.3333333730697632,1
P02_p2n247,52,214.0,0.5,214.0,0.5,1
P02_p2n248,52,214.5,0.5,214.5,0.5,1
P02_p2n249,59,215.0,1.0,215.0,1.0,1
P01_p1n182,59,215.0,1.0,215.0,1.0,1
P00_p0n187,59,215.0,1.0,215.0,1.0,1
P01_p1n183,59,216.0,2.0,216.0,2.0,1
P00_p0n188,59,216.0,2.0,216.0,2.0,1
P02_p2n251,52,217.0,0.6666666865348816,217.0,0.6666666865348816,1
P02_p2n252,52,217.6666717529297,0.6666666865348816,217.6666717529297,0.6666666865348816,1
P01_p1n184,58,218.0,1.0,218.0,1.0,1
P00_p0n189,58,218.0,1.0,218.0,1.0,1
P02_p2n253,52,218.3333282470703,0.6666666865348816,218.3333282470703,0.6666666865348816,1
P01_p1n185,56,219.0,2.0,219.0,2.0,1
P00_p0n190,56,219.0,2.0,219.0,2.0,1
P02_p2n254,59,219.0,1.0,219.0,1.0,1
P02_p2n256,52,221.0,1.0,221.0,1.0,1
P01_p1n186,54,221.0,2.0,221.0,2.0,1
P00_p0n191,54,221.0,2.0,221.0,2.0,1
P02_p2n257,52,222.0,0.5,222.0,0.5,1
P02_p2n258,52,222.5,0.5,222.5,0.5,1
P01_p1n187,52,223.0,4.0,223.0,4.0,1
P00_p0n192,55,223.0,2.0,223.0,2.0,1
P02_p2n259,59,223.0,1.0,223.0,1.0,1
P02_p2n261,52,225.0,0.6666666865348816,225.0,0.6666666865348816,1
P00_p0n193,54,225.0,2.0,225.0,2.0,1
P02_p2n262,52,225.6666717529297,0.6666666865348816,225.6666717529297,0.6666666865348816,1
P02_p2n263,52,226.3333282470703,0.6666666865348816,226.3333282470703,0.6666666865348816,1
P00_p0n194,52,227.0,10.0,227.0,10.0,1
P01_p1n188,55,227.0,2.0,227.0,2.0,1
P02_p2n264,59,227.0,1.0,227.0,1.0,1
P02_p2n266,52,229.0,1.0,229.0,1.0,1
P01_p1n189,53,229.0,2.0,229.0,2.0,1
P02_p2n267,52,230.0,0.5,230.0,0.5,1
P02_p2n268,52,230.5,0.5,230.5,0.5,1
P01_p1n190,52,231.0,6.0,231.0,6.0,1
P02_p2n269,59,231.0,1.0,231.0,1.0,1
P02_p2n271,52,233.0,1.0,233.0,1.0,1
P02_p2n272,52,234.0,0.5,234.0,0.5,1
P02_p2n273,52,234.5,0.5,234.5,0.5,1
P02_p2n274,59,235.0,1.0,235.0,1.0,1
