score_frame,audio_frame
0,0
0,1
0,2
0,3
0,4
0,5
1,6
2,7
3,8
4,9
5,10
6,11
7,12
8,13
9,14
10,15
11,16
12,17
13,18
14,19
15,20
16,21
17,22
18,23
19,24
20,25
21,26
22,27
23,28
24,29
25,30
26,31
27,32
28,33
29,34
30,35
31,36
32,37
33,38
34,39
35,40
36,41
37,42
38,43
39,44
40,45
40,46
40,47
40,48
40,49
40,50
40,51
40,52
40,53
40,54
40,55
41,56
42,57
43,58
44,59
45,60
46,61
47,62
48,63
49,64
50,65
51,66
52,67
53,68
54,69
55,70
56,71
57,72
58,73
59,74
60,75
60,76
60,77
60,78
60,79
60,80
60,81
60,82
60,83
60,84
60,85
60,86
60,87
60,88
60,89
60,90
60,91
60,92
61,93
62,94
63,95
64,96
65,97
66,98
67,99
68,100
69,101
70,102
71,103
72,104
73,105
74,106
75,107
76,108
77,109
78,110
79,111
80,112
80,113
80,114
80,115
80,116
80,117
80,118
80,119
80,120
80,121
80,122
80,123
80,124
80,125
80,126
80,127
80,128
80,129
80,130
80,131
80,132
80,133
80,134
80,135
80,136
80,137
80,138
80,139
80,140
80,141
80,142
80,143
80,144
80,145
81,146
82,147
83,148
84,149
85,150
86,151
87,152
88,153
89,154
90,155
91,156
92,157
93,158
94,159
95,160
96,161
97,162
98,163
99,164
100,165
101,166
102,167
103,168
104,169
105,170
106,171
107,172
108,173
109,174
110,175
111,176
112,177
113,178
114,179
115,180
116,181
117,182
118,183
119,184
120,185
120,186
120,187
120,188
120,189
120,190
120,191
120,192
120,193
120,194
120,195
120,196
120,197
120,198
120,199
120,200
120,201
120,202
120,203
120,204
120,205
120,206
120,207
120,208
120,209
120,210
120,211
120,212
120,213
120,214
120,215
120,216
120,217
120,218
120,219
120,220
120,221
120,222
120,223
120,224
120,225
120,226
120,227
120,228
120,229
120,230
120,231
120,232
120,233
120,234
120,235
120,236
120,237
120,238
120,239
120,240
120,241
120,242
120,243
120,244
120,245
120,246
120,247
120,248
120,249
120,250
120,251
120,252
120,253
120,254
120,255
120,256
120,257
120,258
120,259
120,260
120,261
121,262
122,263
123,264
124,265
125,266
126,267
127,268
128,269
129,270
130,271
131,272
132,273
133,274
134,275
135,276
136,277
137,278
138,279
139,280
140,281
141,282
142,283
143,284
144,285
145,286
146,287
147,288
148,289
149,290
150,291
151,292
152,293
153,294
154,295
155,296
156,297
157,298
158,299
159,300
160,301
160,302
160,303
161,304
162,305
163,306
164,307
165,308
166,309
167,310
168,311
169,312
170,313
171,314
172,315
173,316
174,317
175,318
176,319
177,320
178,321
179,322
180,323
181,324
182,325
183,326
184,327
185,328
186,329
187,330
188,331
189,332
190,333
191,334
192,335
193,336
194,337
195,338
196,339
197,340
198,341
199,342
200,343
200,344
200,345
200,346
200,347
200,348
200,349
200,350
200,351
200,352
200,353
201,354
202,355
203,356
204,357
205,358
206,359
207,360
208,361
209,362
210,363
211,364
212,365
213,366
214,367
215,368
216,369
217,370
218,371
219,372
220,373
220,374
220,375
220,376
220,377
220,378
220,379
220,380
220,381
220,382
221,383
222,384
223,385
224,386
225,387
226,388
227,389
228,390
229,391
230,392
231,393
232,394
233,395
234,396
235,397
236,398
237,399
238,400
239,401
240,402
240,403
240,404
240,405
240,406
240,407
240,408
240,409
240,410
240,411
240,412
240,413
240,414
240,415
240,416
240,417
240,418
240,419
240,420
240,421
240,422
240,423
240,424
240,425
240,426
240,427
240,428
240,429
240,430
240,431
240,432
240,433
240,434
240,435
241,436
242,437
243,438
244,439
245,440
246,441
247,442
248,443
249,444
250,445
251,446
252,447
253,448
254,449
255,450
256,451
257,452
258,453
259,454
260,455
261,456
262,457
263,458
264,459
265,460
266,461
267,462
268,463
269,464
270,465
271,466
272,467
273,468
274,469
275,470
276,471
277,472
278,473
279,474
280,475
281,476
282,477
283,478
284,479
285,480
286,481
287,482
288,483
289,484
290,485
291,486
292,487
293,488
294,489
295,490
296,491
297,492
298,493
299,494
300,495
301,496
302,497
303,498
304,499
305,500
306,501
307,502
308,503
309,504
310,505
311,506
312,507
313,508
314,509
315,510
316,511
317,512
318,513
319,514
320,515
320,516
320,517
320,518
320,519
320,520
320,521
320,522
320,523
320,524
320,525
320,526
320,527
320,528
320,529
320,530
320,531
320,532
320,533
320,534
320,535
320,536
320,537
320,538
320,539
320,540
320,541
320,542
320,543
320,544
320,545
320,546
320,547
320,548
320,549
320,550
320,551
321,552
322,553
323,554
324,555
325,556
326,557
327,558
328,559
329,560
330,561
331,562
332,563
333,564
334,565
335,566
336,567
337,568
338,569
339,570
340,571
341,572
342,573
343,574
344,575
345,576
346,577
347,578
348,579
349,580
350,581
351,582
352,583
353,584
354,585
355,586
356,587
357,588
358,589
359,590
360,591
361,592
362,593
363,594
364,595
365,596
366,597
367,598
368,599
369,600
370,601
371,602
372,603
373,604
374,605
375,606
376,607
377,608
378,609
379,610
380,611
380,612
380,613
380,614
380,615
380,616
380,617
380,618
380,619
380,620
381,621
382,622
383,623
384,624
385,625
386,626
387,627
388,628
389,629
390,630
391,631
392,632
393,633
394,634
395,635
396,636
397,637
398,638
399,639
400,640
401,641
402,642
403,643
404,644
405,645
406,646
407,647
408,648
409,649
410,650
411,651
412,652
413,653
414,654
415,655
416,656
417,657
418,658
419,659
420,660
420,661
420,662
420,663
420,664
420,665
420,666
420,667
420,668
420,669
420,670
420,671
420,672
420,673
420,674
420,675
420,676
420,677
420,678
420,679
420,680
420,681
420,682
421,683
422,684
423,685
424,686
425,687
426,688
427,689
428,690
429,691
430,692
431,693
432,694
433,695
434,696
435,697
436,698
437,699
438,700
439,701
440,702
441,703
442,704
443,705
444,706
445,707
446,708
447,709
448,710
449,711
450,712
451,713
452,714
453,715
454,716
455,717
456,718
457,719
458,720
459,721
460,722
461,723
462,724
463,725
464,726
465,727
466,728
467,729
468,730
469,731
470,732
471,733
472,734
473,735
474,736
475,737
476,738
477,739
478,740
479,741
480,742
480,743
480,744
480,745
480,746
480,747
480,748
480,749
480,750
480,751
480,752
480,753
480,754
480,755
480,756
480,757
480,758
480,759
480,760
480,761
480,762
480,763
480,764
480,765
480,766
480,767
480,768
480,769
480,770
480,771
480,772
480,773
480,774
480,775
480,776
480,777
480,778
480,779
480,780
480,781
481,782
482,783
483,784
484,785
485,786
486,787
487,788
488,789
489,790
490,791
491,792
492,793
493,794
494,795
495,796
496,797
497,798
498,799
499,800
500,801
501,802
502,803
503,804
504,805
505,806
506,807
507,808
508,809
509,810
510,811
511,812
512,813
513,814
514,815
515,816
516,817
517,818
518,819
519,820
520,821
521,822
522,823
523,824
524,825
525,826
526,827
527,828
528,829
529,830
530,831
531,832
532,833
533,834
534,835
535,836
536,837
537,838
538,839
539,840
540,841
541,842
542,843
543,844
544,845
545,846
546,847
547,848
548,849
549,850
550,851
551,852
552,853
553,854
554,855
555,856
556,857
557,858
558,859
559,860
560,861
561,862
562,863
563,864
564,865
565,866
566,867
567,868
568,869
569,870
570,871
571,872
572,873
573,874
574,875
575,876
576,877
577,878
578,879
579,880
580,881
580,882
580,883
580,884
580,885
580,886
580,887
580,888
580,889
580,890
580,891
580,892
580,893
580,894
580,895
580,896
580,897
580,898
580,899
580,900
580,901
580,902
580,903
580,904
580,905
580,906
580,907
580,908
580,909
580,910
580,911
580,912
580,913
580,914
580,915
580,916
580,917
580,918
580,919
580,920
580,921
580,922
580,923
580,924
580,925
580,926
580,927
580,928
580,929
580,930
580,931
580,932
580,933
580,934
580,935
580,936
580,937
580,938
580,939
580,940
580,941
580,942
580,943
581,944
582,945
583,946
584,947
585,948
586,949
587,950
588,951
589,952
590,953
591,954
592,955
593,956
594,957
595,958
596,959
597,960
598,961
599,962
600,963
601,964
602,965
603,966
604,967
605,968
606,969
607,970
608,971
609,972
610,973
611,974
612,975
613,976
614,977
615,978
616,979
617,980
618,981
619,982
620,983
620,984
620,985
620,986
620,987
620,988
620,989
620,990
620,991
620,992
620,993
620,994
620,995
620,996
620,997
620,998
620,999
620,1000
620,1001
620,1002
620,1003
620,1004
620,1005
620,1006
620,1007
620,1008
620,1009
620,1010
620,1011
620,1012
620,1013
620,1014
620,1015
620,1016
620,1017
620,1018
620,1019
620,1020
620,1021
620,1022
620,1023
620,1024
620,1025
620,1026
620,1027
620,1028
620,1029
620,1030
620,1031
621,1032
622,1033
623,1034
624,1035
625,1036
626,1037
627,1038
628,1039
629,1040
630,1041
631,1042
632,1043
633,1044
634,1045
635,1046
636,1047
637,1048
638,1049
639,1050
640,1051
640,1052
640,1053
640,1054
640,1055
640,1056
640,1057
640,1058
640,1059
640,1060
640,1061
640,1062
640,1063
640,1064
640,1065
640,1066
640,1067
640,1068
640,1069
640,1070
640,1071
640,1072
640,1073
640,1074
640,1075
641,1076
642,1077
643,1078
644,1079
645,1080
646,1081
647,1082
648,1083
649,1084
650,1085
651,1086
652,1087
653,1088
654,1089
655,1090
656,1091
657,1092
658,1093
659,1094
660,1095
661,1096
662,1097
663,1098
664,1099
665,1100
666,1101
667,1102
668,1103
669,1104
670,1105
671,1106
672,1107
673,1108
674,1109
675,1110
676,1111
677,1112
678,1113
679,1114
680,1115
681,1116
682,1117
683,1118
684,1119
685,1120
686,1121
687,1122
688,1123
689,1124
690,1125
691,1126
692,1127
693,1128
694,1129
695,1130
696,1131
697,1132
698,1133
699,1134
700,1135
701,1136
702,1137
703,1138
704,1139
705,1140
706,1141
707,1142
708,1143
709,1144
710,1145
711,1146
712,1147
713,1148
714,1149
715,1150
716,1151
717,1152
718,1153
719,1154
720,1155
720,1156
720,1157
720,1158
720,1159
720,1160
720,1161
720,1162
720,1163
720,1164
720,1165
720,1166
720,1167
720,1168
720,1169
720,1170
720,1171
720,1172
720,1173
720,1174
720,1175
720,1176
720,1177
720,1178
720,1179
720,1180
720,1181
720,1182
720,1183
721,1184
722,1185
723,1186
724,1187
725,1188
726,1189
727,1190
728,1191
729,1192
730,1193
731,1194
732,1195
733,1196
734,1197
735,1198
736,1199
737,1200
738,1201
739,1202
740,1203
741,1204
742,1205
743,1206
744,1207
745,1208
746,1209
747,1210
748,1211
749,1212
750,1213
751,1214
752,1215
753,1216
754,1217
755,1218
756,1219
757,1220
758,1221
759,1222
760,1223
761,1224
762,1225
763,1226
764,1227
765,1228
766,1229
767,1230
768,1231
769,1232
770,1233
771,1234
772,1235
773,1236
774,1237
775,1238
776,1239
777,1240
778,1241
779,1242
780,1243
780,1244
780,1245
780,1246
780,1247
780,1248
780,1249
780,1250
780,1251
780,1252
780,1253
780,1254
780,1255
780,1256
780,1257
780,1258
780,1259
781,1260
782,1261
783,1262
784,1263
785,1264
786,1265
787,1266
788,1267
789,1268
790,1269
791,1270
792,1271
793,1272
794,1273
795,1274
796,1275
797,1276
798,1277
799,1278
800,1279
801,1280
802,1281
803,1282
804,1283
805,1284
806,1285
807,1286
808,1287
809,1288
810,1289
811,1290
812,1291
813,1292
814,1293
815,1294
816,1295
817,1296
818,1297
819,1298
820,1299
821,1300
822,1301
823,1302
824,1303
825,1304
826,1305
827,1306
828,1307
829,1308
830,1309
831,1310
832,1311
833,1312
834,1313
835,1314
836,1315
837,1316
838,1317
839,1318
840,1319
840,1320
840,1321
840,1322
840,1323
840,1324
840,1325
840,1326
840,1327
840,1328
840,1329
840,1330
840,1331
840,1332
840,1333
840,1334
840,1335
840,1336
840,1337
840,1338
840,1339
840,1340
840,1341
840,1342
840,1343
840,1344
840,1345
840,1346
840,1347
840,1348
840,1349
840,1350
840,1351
840,1352
840,1353
840,1354
840,1355
840,1356
840,1357
840,1358
840,1359
840,1360
840,1361
840,1362
840,1363
840,1364
840,1365
840,1366
840,1367
840,1368
840,1369
840,1370
840,1371
840,1372
840,1373
840,1374
840,1375
840,1376
840,1377
840,1378
840,1379
840,1380
840,1381
840,1382
840,1383
840,1384
840,1385
840,1386
840,1387
840,1388
840,1389
840,1390
840,1391
840,1392
840,1393
840,1394
840,1395
840,1396
840,1397
840,1398
840,1399
840,1400
841,1401
842,1402
843,1403
844,1404
845,1405
846,1406
847,1407
848,1408
849,1409
850,1410
851,1411
852,1412
853,1413
854,1414
855,1415
856,1416
857,1417
858,1418
859,1419
860,1420
861,1421
862,1422
863,1423
864,1424
865,1425
866,1426
867,1427
868,1428
869,1429
870,1430
871,1431
872,1432
873,1433
874,1434
875,1435
876,1436
877,1437
878,1438
879,1439
880,1440
881,1441
882,1442
883,1443
884,1444
885,1445
886,1446
887,1447
888,1448
889,1449
890,1450
891,1451
892,1452
893,1453
894,1454
895,1455
896,1456
897,1457
898,1458
899,1459
900,1460
901,1461
902,1462
903,1463
904,1464
905,1465
906,1466
907,1467
908,1468
909,1469
910,1470
911,1471
912,1472
913,1473
914,1474
915,1475
916,1476
917,1477
918,1478
919,1479
920,1480
921,1481
922,1482
923,1483
924,1484
925,1485
926,1486
927,1487
928,1488
929,1489
930,1490
931,1491
932,1492
933,1493
934,1494
935,1495
936,1496
937,1497
938,1498
939,1499
940,1500
940,1501
940,1502
940,1503
940,1504
940,1505
940,1506
940,1507
940,1508
940,1509
940,1510
940,1511
940,1512
940,1513
940,1514
940,1515
940,1516
941,1517
942,1518
943,1519
944,1520
945,1521
946,1522
947,1523
948,1524
949,1525
950,1526
951,1527
952,1528
953,1529
954,1530
955,1531
956,1532
957,1533
958,1534
959,1535
960,1536
960,1537
960,1538
960,1539
960,1540
960,1541
960,1542
960,1543
960,1544
960,1545
960,1546
960,1547
960,1548
960,1549
960,1550
960,1551
960,1552
960,1553
960,1554
960,1555
960,1556
960,1557
960,1558
960,1559
960,1560
960,1561
960,1562
960,1563
960,1564
960,1565
961,1566
962,1567
963,1568
964,1569
965,1570
966,1571
967,1572
968,1573
969,1574
970,1575
971,1576
972,1577
973,1578
974,1579
975,1580
976,1581
977,1582
978,1583
979,1584
980,1585
981,1586
982,1587
983,1588
984,1589
985,1590
986,1591
987,1592
988,1593
989,1594
990,1595
991,1596
992,1597
993,1598
994,1599
995,1600
996,1601
997,1602
998,1603
999,1604
1000,1605
1001,1606
1002,1607
1003,1608
1004,1609
1005,1610
1006,1611
1007,1612
1008,1613
1009,1614
1010,1615
1011,1616
1012,1617
1013,1618
1014,1619
1015,1620
1016,1621
1017,1622
1018,1623
1019,1624
1020,1625
1021,1626
1022,1627
1023,1628
1024,1629
1025,1630
1026,1631
1027,1632
1028,1633
1029,1634
1030,1635
1031,1636
1032,1637
1033,1638
1034,1639
1035,1640
1036,1641
1037,1642
1038,1643
1039,1644
1040,1645
1040,1646
1040,1647
1040,1648
1040,1649
1040,1650
1040,1651
1040,1652
1040,1653
1040,1654
1040,1655
1040,1656
1040,1657
1040,1658
1040,1659
1040,1660
1040,1661
1040,1662
1040,1663
1040,1664
1040,1665
1040,1666
1040,1667
1040,1668
1040,1669
1040,1670
1040,1671
1040,1672
1040,1673
1040,1674
1040,1675
1040,1676
1040,1677
1040,1678
1040,1679
1040,1680
1040,1681
1040,1682
1040,1683
1040,1684
1040,1685
1040,1686
1040,1687
1040,1688
1040,1689
1040,1690
1040,1691
1040,1692
1041,1693
1042,1694
1043,1695
1044,1696
1045,1697
1046,1698
1047,1699
1048,1700
1049,1701
1050,1702
1051,1703
1052,1704
1053,1705
1054,1706
1055,1707
1056,1708
1057,1709
1058,1710
1059,1711
1060,1712
1061,1713
1062,1714
1063,1715
1064,1716
1065,1717
1066,1718
1067,1719
1068,1720
1069,1721
1070,1722
1071,1723
1072,1724
1073,1725
1074,1726
1075,1727
1076,1728
1077,1729
1078,1730
1079,1731
1080,1732
1081,1733
1082,1734
1083,1735
1084,1736
1085,1737
1086,1738
1087,1739
1088,1740
1089,1741
1090,1742
1091,1743
1092,1744
1093,1745
1094,1746
1095,1747
1096,1748
1097,1749
1098,1750
1099,1751
1100,1752
1100,1753
1100,1754
1100,1755
1100,1756
1100,1757
1100,1758
1100,1759
1100,1760
1100,1761
1100,1762
1100,1763
1100,1764
1100,1765
1101,1766
1102,1767
1103,1768
1104,1769
1105,1770
1106,1771
1107,1772
1108,1773
1109,1774
1110,1775
1111,1776
1112,1777
1113,1778
1114,1779
1115,1780
1116,1781
1117,1782
1118,1783
1119,1784
1120,1785
1120,1786
1120,1787
1120,1788
1120,1789
1120,1790
1120,1791
1120,1792
1120,1793
1121,1794
1122,1795
1123,1796
1124,1797
1125,1798
1126,1799
1127,1800
1128,1801
1129,1802
1130,1803
1131,1804
1132,1805
1133,1806
1134,1807
1135,1808
1136,1809
1137,1810
1138,1811
1139,1812
1140,1813
1140,1814
1140,1815
1140,1816
1141,1817
1142,1818
1143,1819
1144,1820
1145,1821
1146,1822
1147,1823
1148,1824
1149,1825
1150,1826
1151,1827
1152,1828
1153,1829
1154,1830
1155,1831
1156,1832
1157,1833
1158,1834
1159,1835
1160,1836
1160,1837
1160,1838
1160,1839
1161,1840
1162,1841
1163,1842
1164,1843
1165,1844
1166,1845
1167,1846
1168,1847
1169,1848
1170,1849
1171,1850
1172,1851
1173,1852
1174,1853
1175,1854
1176,1855
1177,1856
1178,1857
1179,1858
1180,1859
1180,1860
1180,1861
1181,1862
1182,1863
1183,1864
1184,1865
1185,1866
1186,1867
1187,1868
1188,1869
1189,1870
1190,1871
1191,1872
1192,1873
1193,1874
1194,1875
1195,1876
1196,1877
1197,1878
1198,1879
1199,1880
1200,1881
1200,1882
1200,1883
1200,1884
1200,1885
1200,1886
1200,1887
1200,1888
1200,1889
1200,1890
1200,1891
1200,1892
1200,1893
1200,1894
1200,1895
1200,1896
1200,1897
1200,1898
1200,1899
1200,1900
1200,1901
1200,1902
1201,1903
1202,1904
1203,1905
1204,1906
1205,1907
1206,1908
1207,1909
1208,1910
1209,1911
1210,1912
1211,1913
1212,1914
1213,1915
1214,1916
1215,1917
1216,1918
1217,1919
1218,1920
1219,1921
1220,1922
1221,1923
1222,1924
1223,1925
1224,1926
1225,1927
1226,1928
1227,1929
1228,1930
1229,1931
1230,1932
1231,1933
1232,1934
1233,1935
1234,1936
1235,1937
1236,1938
1237,1939
1238,1940
1239,1941
1240,1942
1241,1943
1242,1944
1243,1945
1244,1946
1245,1947
1246,1948
1247,1949
1248,1950
1249,1951
1250,1952
1251,1953
1252,1954
1253,1955
1254,1956
1255,1957
1256,1958
1257,1959
1258,1960
1259,1961
1260,1962
1261,1963
1262,1964
1263,1965
1264,1966
1265,1967
1266,1968
1267,1969
1268,1970
1269,1971
1270,1972
1271,1973
1272,1974
1273,1975
1274,1976
1275,1977
1276,1978
1277,1979
1278,1980
1279,1981
1280,1982
1280,1983
1280,1984
1280,1985
1280,1986
1280,1987
1280,1988
1280,1989
1280,1990
1280,1991
1280,1992
1280,1993
1280,1994
1280,1995
1280,1996
1280,1997
1281,1998
1282,1999
1283,2000
1284,2001
1285,2002
1286,2003
1287,2004
1288,2005
1289,2006
1290,2007
1291,2008
1292,2009
1293,2010
1294,2011
1295,2012
1296,2013
1297,2014
1298,2015
1299,2016
1300,2017
1301,2018
1302,2019
1303,2020
1304,2021
1305,2022
1306,2023
1307,2024
1308,2025
1309,2026
1310,2027
1311,2028
1312,2029
1313,2030
1314,2031
1315,2032
1316,2033
1317,2034
1318,2035
1319,2036
1320,2037
1321,2038
1322,2039
1323,2040
1324,2041
1325,2042
1326,2043
1327,2044
1328,2045
1329,2046
1330,2047
1331,2048
1332,2049
1333,2050
1334,2051
1335,2052
1336,2053
1337,2054
1338,2055
1339,2056
1340,2057
1341,2058
1342,2059
1343,2060
1344,2061
1345,2062
1346,2063
1347,2064
1348,2065
1349,2066
1350,2067
1351,2068
1352,2069
1353,2070
1354,2071
1355,2072
1356,2073
1357,2074
1358,2075
1359,2076
1360,2077
1360,2078
1360,2079
1360,2080
1360,2081
1360,2082
1360,2083
1360,2084
1360,2085
1360,2086
1360,2087
1360,2088
1360,2089
1360,2090
1360,2091
1360,2092
1360,2093
1360,2094
1360,2095
1360,2096
1360,2097
1360,2098
1360,2099
1360,2100
1360,2101
1360,2102
1360,2103
1360,2104
1360,2105
1360,2106
1360,2107
1360,2108
1360,2109
1360,2110
1360,2111
1360,2112
1360,2113
1360,2114
1361,2115
1362,2116
1363,2117
1364,2118
1365,2119
1366,2120
1367,2121
1368,2122
1369,2123
1370,2124
1371,2125
1372,2126
1373,2127
1374,2128
1375,2129
1376,2130
1377,2131
1378,2132
1379,2133
1380,2134
1381,2135
1382,2136
1383,2137
1384,2138
1385,2139
1386,2140
1387,2141
1388,2142
1389,2143
1390,2144
1391,2145
1392,2146
1393,2147
1394,2148
1395,2149
1396,2150
1397,2151
1398,2152
1399,2153
1400,2154
1401,2155
1402,2156
1403,2157
1404,2158
1405,2159
1406,2160
1407,2161
1408,2162
1409,2163
1410,2164
1411,2165
1412,2166
1413,2167
1414,2168
1415,2169
1416,2170
1417,2171
1418,2172
1419,2173
1420,2174
1421,2175
1422,2176
1423,2177
1424,2178
1425,2179
1426,2180
1427,2181
1428,2182
1429,2183
1430,2184
1431,2185
1432,2186
1433,2187
1434,2188
1435,2189
1436,2190
1437,2191
1438,2192
1439,2193
1440,2194
1441,2195
1442,2196
1443,2197
1444,2198
1445,2199
1446,2200
1447,2201
1448,2201
1449,2201
1450,2201
1451,2201
1452,2201
1453,2201
1454,2201
1455,2201
1456,2201
1457,2201
1458,2201
1459,2201
1460,2201
1461,2201
1462,2201
1463,2201
1464,2201
1465,2201
1466,2201
1467,2201
1468,2201
1469,2201
1470,2201
1471,2201
1472,2201
1473,2201
1474,2201
1475,2201
1476,2201
1477,2201
1478,2201
1479,2201
1480,2202
1481,2203
1482,2204
1483,2205
1484,2206
1485,2207
1486,2208
1487,2209
1488,2210
1489,2211
1490,2212
1491,2213
1492,2214
1493,2215
1494,2216
1495,2217
1496,2218
1497,2219
1498,2220
1499,2221
1500,2222
1501,2223
1502,2224
1503,2225
1504,2226
1505,2227
1506,2228
1507,2229
1508,2230
1509,2231
1510,2232
1511,2233
1512,2234
1513,2235
1514,2236
1515,2237
1516,2238
1517,2239
1518,2240
1519,2241
1520,2242
1521,2243
1522,2244
1523,2245
1524,2246
1525,2247
1526,2248
1527,2249
1528,2250
1529,2251
1530,2252
1531,2253
1532,2254
1533,2255
1534,2256
1535,2257
1536,2258
1537,2259
1538,2260
1539,2261
1540,2262
1541,2263
1542,2264
1543,2265
1544,2266
1545,2267
1546,2268
1547,2269
1548,2270
1549,2271
1550,2272
1551,2273
1552,2274
1553,2275
1554,2276
1555,2277
1556,2278
1557,2279
1558,2280
1559,2281
1560,2282
1561,2283
1562,2284
1563,2285
1564,2285
1565,2286
1566,2287
1567,2288
1568,2289
1569,2290
1570,2291
1571,2292
1572,2293
1573,2294
1574,2295
1575,2296
1576,2297
1577,2298
1578,2299
1579,2300
1580,2301
1581,2302
1582,2303
1583,2304
1584,2305
1585,2306
1586,2307
1587,2308
1588,2309
1589,2310
1590,2311
1591,2312
1592,2313
1593,2314
1594,2315
1595,2316
1596,2317
1597,2318
1598,2319
1599,2320
1600,2321
1600,2322
1600,2323
1600,2324
1600,2325
1600,2326
1600,2327
1600,2328
1600,2329
1600,2330
1600,2331
1600,2332
1600,2333
1600,2334
1600,2335
1600,2336
1600,2337
1600,2338
1600,2339
1600,2340
1600,2341
1600,2342
1600,2343
1600,2344
1600,2345
1600,2346
1600,2347
1600,2348
1600,2349
1600,2350
1600,2351
1600,2352
1600,2353
1600,2354
1600,2355
1600,2356
1600,2357
1600,2358
1600,2359
1600,2360
1600,2361
1600,2362
1600,2363
1600,2364
1600,2365
1600,2366
1600,2367
1600,2368
1600,2369
1600,2370
1600,2371
1600,2372
1600,2373
1600,2374
1600,2375
1600,2376
1600,2377
1600,2378
1600,2379
1600,2380
1600,2381
1600,2382
1600,2383
1600,2384
1600,2385
1600,2386
1600,2387
1600,2388
1600,2389
1600,2390
1600,2391
1600,2392
1600,2393
1600,2394
1600,2395
1600,2396
1600,2397
1600,2398
1600,2399
1600,2400
1600,2401
1600,2402
1600,2403
1600,2404
1600,2405
1600,2406
1600,2407
1600,2408
1600,2409
1600,2410
1601,2411
1602,2412
1603,2413
1604,2414
1605,2415
1606,2416
1607,2417
1608,2418
1609,2419
1610,2420
1611,2421
1612,2422
1613,2423
1614,2424
1615,2425
1616,2426
1617,2427
1618,2428
1619,2429
1620,2430
1620,2431
1620,2432
1620,2433
1620,2434
1620,2435
1620,2436
1620,2437
1620,2438
1620,2439
1620,2440
1620,2441
1620,2442
1620,2443
1620,2444
1620,2445
1621,2446
1622,2447
1623,2448
1624,2449
1625,2450
1626,2451
1627,2452
1628,2453
1629,2454
1630,2455
1631,2456
1632,2457
1633,2458
1634,2459
1635,2460
1636,2461
1637,2462
1638,2463
1639,2464
1640,2465
1641,2466
1642,2467
1643,2468
1644,2469
1645,2470
1646,2471
1647,2472
1648,2473
1649,2474
1650,2475
1651,2476
1652,2477
1653,2478
1654,2479
1655,2480
1656,2481
1657,2482
1658,2483
1659,2484
1660,2485
1660,2486
1660,2487
1660,2488
1660,2489
1660,2490
1660,2491
1660,2492
1660,2493
1660,2494
1660,2495
1660,2496
1660,2497
1660,2498
1660,2499
1660,2500
1660,2501
1660,2502
1660,2503
1660,2504
1660,2505
1660,2506
1660,2507
1660,2508
1660,2509
1660,2510
1660,2511
1660,2512
1660,2513
1660,2514
1660,2515
1660,2516
1660,2517
1661,2518
1662,2519
1663,2520
1664,2521
1665,2522
1666,2523
1667,2524
1668,2525
1669,2526
1670,2527
1671,2528
1672,2529
1673,2530
1674,2531
1675,2532
1676,2533
1677,2534
1678,2535
1679,2536
1680,2537
1680,2538
1680,2539
1680,2540
1680,2541
1680,2542
1680,2543
1680,2544
1680,2545
1680,2546
1680,2547
1680,2548
1680,2549
1680,2550
1680,2551
1680,2552
1680,2553
1680,2554
1680,2555
1680,2556
1680,2557
1680,2558
1680,2559
1680,2560
1680,2561
1680,2562
1680,2563
1680,2564
1680,2565
1680,2566
1680,2567
1680,2568
1680,2569
1680,2570
1680,2571
1680,2572
1680,2573
1680,2574
1680,2575
1680,2576
1680,2577
1680,2578
1680,2579
1680,2580
1680,2581
1680,2582
1680,2583
1680,2584
1680,2585
1680,2586
1680,2587
1680,2588
1680,2589
1680,2590
1680,2591
1680,2592
1680,2593
1680,2594
1680,2595
1680,2596
1680,2597
1680,2598
1680,2599
1680,2600
1680,2601
1680,2602
1680,2603
1680,2604
1680,2605
1680,2606
1680,2607
1680,2608
1680,2609
1680,2610
1680,2611
1680,2612
1680,2613
1680,2614
1680,2615
1680,2616
1680,2617
1680,2618
1680,2619
1680,2620
1680,2621
1680,2622
1680,2623
1680,2624
1680,2625
1680,2626
1680,2627
1680,2628
1680,2629
1680,2630
1680,2631
1680,2632
1680,2633
1680,2634
1680,2635
1680,2636
1680,2637
1680,2638
1680,2639
1680,2640
1680,2641
1680,2642
1680,2643
1680,2644
1680,2645
1680,2646
1680,2647
1680,2648
1680,2649
1680,2650
1680,2651
1680,2652
1680,2653
1680,2654
1680,2655
1680,2656
1680,2657
1680,2658
1680,2659
1680,2660
1680,2661
1680,2662
1680,2663
1680,2664
1680,2665
1680,2666
1680,2667
1680,2668
1680,2669
1680,2670
1680,2671
1680,2672
1680,2673
1680,2674
1680,2675
1680,2676
1680,2677
1680,2678
1680,2679
1680,2680
1680,2681
1680,2682
1680,2683
1680,2684
1680,2685
1680,2686
1680,2687
1680,2688
1680,2689
1680,2690
1680,2691
1680,2692
1680,2693
1680,2694
1680,2695
1680,2696
1680,2697
1680,2698
1680,2699
1680,2700
1680,2701
1680,2702
1680,2703
1680,2704
1680,2705
1680,2706
1680,2707
1680,2708
1680,2709
1680,2710
1680,2711
1680,2712
1680,2713
1680,2714
1680,2715
1680,2716
1680,2717
1680,2718
1680,2719
1680,2720
1680,2721
1680,2722
1680,2723
1680,2724
1680,2725
1680,2726
1680,2727
1680,2728
1680,2729
1680,2730
1680,2731
1680,2732
1680,2733
1680,2734
1680,2735
1680,2736
1680,2737
1680,2738
1680,2739
1680,2740
1680,2741
1680,2742
1680,2743
1680,2744
1680,2745
1680,2746
1680,2747
1681,2748
1682,2749
1683,2750
1684,2751
1685,2752
1686,2753
1687,2754
1688,2755
1689,2756
1690,2757
1691,2758
1692,2759
1693,2760
1694,2761
1695,2762
1696,2763
1697,2764
1698,2765
1699,2766
1700,2767
1701,2768
1702,2769
1703,2770
1704,2771
1705,2772
1706,2773
1707,2774
1708,2775
1709,2776
1710,2777
1711,2778
1712,2779
1713,2780
1714,2781
1715,2782
1716,2783
1717,2784
1718,2785
1719,2786
1720,2787
1721,2788
1722,2789
1723,2790
1724,2791
1725,2792
1726,2793
1727,2794
1728,2795
1729,2796
1730,2797
1731,2798
1732,2799
1733,2800
1734,2801
1735,2802
1736,2803
1737,2804
1738,2805
1739,2806
1740,2807
1741,2808
1742,2809
1743,2810
1744,2811
1745,2812
1746,2813
1747,2814
1748,2815
1749,2816
1750,2817
1751,2818
1752,2819
1753,2820
1754,2821
1755,2822
1756,2823
1757,2824
1758,2825
1759,2826
1760,2827
1761,2828
1762,2829
1763,2830
1764,2831
1765,2832
1766,2833
1767,2834
1768,2835
1769,2836
1770,2837
1771,2838
1772,2839
1773,2840
1774,2841
1775,2842
1776,2843
1777,2844
1778,2845
1779,2846
1780,2847
1781,2848
1782,2849
1783,2850
1784,2851
1785,2852
1786,2853
1787,2854
1788,2855
1789,2856
1790,2857
1791,2858
1792,2859
1793,2860
1794,2861
1795,2862
1796,2863
1797,2864
1798,2865
1799,2866
1800,2867
1801,2868
1802,2869
1803,2870
1804,2871
1805,2872
1806,2873
1807,2874
1808,2875
1809,2876
1810,2877
1811,2878
1812,2879
1813,2880
1814,2881
1815,2882
1816,2883
1817,2884
1818,2885
1819,2886
1820,2887
1821,2888
1822,2889
1823,2890
1824,2891
1825,2892
1826,2893
1827,2894
1828,2895
1829,2896
1830,2897
1831,2898
1832,2899
1833,2900
1834,2901
1835,2902
1836,2903
1837,2904
1838,2905
1839,2906
1840,2907
1840,2908
1840,2909
1840,2910
1840,2911
1840,2912
1840,2913
1840,2914
1840,2915
1840,2916
1840,2917
1840,2918
1840,2919
1840,2920
1840,2921
1840,2922
1840,2923
1840,2924
1840,2925
1840,2926
1840,2927
1840,2928
1840,2929
1840,2930
1840,2931
1840,2932
1840,2933
1840,2934
1840,2935
1840,2936
1840,2937
1840,2938
1840,2939
1840,2940
1840,2941
1840,2942
1840,2943
1840,2944
1840,2945
1841,2946
1842,2947
1843,2948
1844,2949
1845,2950
1846,2951
1847,2952
1848,2953
1849,2954
1850,2955
1851,2956
1852,2957
1853,2958
1854,2959
1855,2960
1856,2961
1857,2962
1858,2963
1859,2964
1860,2965
1861,2966
1862,2967
1863,2968
1864,2969
1865,2970
1866,2971
1867,2972
1868,2973
1869,2974
1870,2975
1871,2976
1872,2977
1873,2978
1874,2979
1875,2980
1876,2981
1877,2982
1878,2983
1879,2984
1880,2985
1881,2986
1882,2987
1883,2988
1884,2989
1885,2990
1886,2991
1887,2992
1888,2993
1889,2994
1890,2995
1891,2996
1892,2997
1893,2998
1894,2999
1895,3000
1896,3001
1897,3002
1898,3003
1899,3004
1900,3005
1901,3006
1902,3007
1903,3008
1904,3009
1905,3010
1906,3011
1907,3012
1908,3013
1909,3014
1910,3015
1911,3016
1912,3017
1913,3018
1914,3019
1915,3020
1916,3021
1917,3022
1918,3023
1919,3024
1920,3025
1921,3026
1922,3027
1923,3028
1924,3029
1925,3030
1926,3031
1927,3032
1928,3033
1929,3034
1930,3035
1931,3036
1932,3037
1933,3038
1934,3039
1935,3040
1936,3041
1937,3042
1938,3043
1939,3044
1940,3045
1941,3046
1942,3047
1943,3048
1944,3049
1945,3050
1946,3051
1947,3052
1948,3053
1949,3054
1950,3055
1951,3056
1952,3057
1953,3058
1954,3059
1955,3060
1956,3061
1957,3062
1958,3063
1959,3064
1960,3065
1961,3066
1962,3067
1963,3068
1964,3069
1965,3070
1966,3071
1967,3072
1968,3073
1969,3074
1970,3075
1971,3076
1972,3077
1973,3078
1974,3079
1975,3080
1976,3081
1977,3082
1978,3083
1979,3084
1980,3085
1981,3086
1982,3087
1983,3088
1984,3089
1985,3090
1986,3091
1987,3092
1988,3093
1989,3094
1990,3095
1991,3096
1992,3097
1993,3098
1994,3099
1995,3100
1996,3101
1997,3102
1998,3103
1999,3104
2000,3105
2001,3106
2002,3107
2003,3108
2004,3109
2005,3110
2006,3111
2007,3112
2008,3113
2009,3114
2010,3115
2011,3116
2012,3117
2013,3118
2014,3119
2015,3120
2016,3121
2017,3122
2018,3123
2019,3124
2020,3125
2021,3126
2022,3127
2023,3128
2024,3129
2025,3130
2026,3131
2027,3132
2028,3133
2029,3134
2030,3135
2031,3136
2032,3137
2033,3138
2034,3139
2035,3140
2036,3141
2037,3142
2038,3143
2039,3144
2040,3145
2041,3146
2042,3147
2043,3148
2044,3149
2045,3150
2046,3151
2047,3152
2048,3153
2049,3154
2050,3155
2051,3156
2052,3157
2053,3158
2054,3159
2055,3160
2056,3161
2057,3162
2058,3163
2059,3164
2060,3165
2061,3166
2062,3167
2063,3168
2064,3169
2065,3170
2066,3171
2067,3172
2068,3173
2069,3174
2070,3175
2071,3176
2072,3177
2073,3178
2074,3179
2075,3180
2076,3181
2077,3182
2078,3183
2079,3184
2080,3185
2081,3186
2082,3187
2083,3188
2084,3189
2085,3190
2086,3191
2087,3192
2088,3193
2089,3194
2090,3195
2091,3196
2092,3197
2093,3198
2094,3199
2095,3200
2096,3201
2097,3202
2098,3203
2099,3204
2100,3205
2101,3206
2102,3207
2103,3208
2104,3209
2105,3210
2106,3211
2107,3212
2108,3213
2109,3214
2110,3215
2111,3216
2112,3217
2113,3218
2114,3219
2115,3220
2116,3221
2117,3222
2118,3223
2119,3224
2120,3225
2121,3226
2122,3227
2123,3228
2124,3229
2125,3230
2126,3231
2127,3232
2128,3233
2129,3234
2130,3235
2131,3236
2132,3236
2133,3236
2134,3236
2135,3237
2136,3238
2137,3239
2138,3240
2139,3241
2140,3242
2141,3243
2142,3244
2143,3245
2144,3246
2145,3247
2146,3248
2147,3249
2148,3250
2149,3251
2150,3252
2151,3253
2152,3254
2153,3255
2154,3256
2155,3257
2156,3258
2157,3259
2158,3260
2159,3261
2160,3262
2161,3263
2162,3264
2163,3265
2164,3266
2165,3267
2166,3268
2167,3269
2168,3270
2169,3271
2170,3272
2171,3273
2172,3274
2173,3275
2174,3276
2175,3277
2176,3278
2177,3279
2178,3280
2179,3281
2180,3282
2180,3283
2180,3284
2180,3285
2180,3286
2180,3287
2180,3288
2180,3289
2180,3290
2180,3291
2180,3292
2180,3293
2180,3294
2180,3295
2180,3296
2180,3297
2180,3298
2180,3299
2180,3300
2180,3301
2180,3302
2180,3303
2180,3304
2180,3305
2180,3306
2180,3307
2180,3308
2180,3309
2180,3310
2180,3311
2180,3312
2180,3313
2180,3314
2180,3315
2180,3316
2180,3317
2180,3318
2180,3319
2180,3320
2180,3321
2180,3322
2180,3323
2180,3324
2180,3325
2180,3326
2180,3327
2180,3328
2180,3329
2180,3330
2180,3331
2180,3332
2180,3333
2180,3334
2180,3335
2180,3336
2180,3337
2180,3338
2180,3339
2180,3340
2180,3341
2180,3342
2180,3343
2180,3344
2180,3345
2180,3346
2180,3347
2180,3348
2180,3349
2180,3350
2180,3351
2180,3352
2180,3353
2180,3354
2180,3355
2180,3356
2180,3357
2180,3358
2180,3359
2180,3360
2180,3361
2180,3362
2180,3363
2180,3364
2180,3365
2180,3366
2180,3367
2180,3368
2180,3369
2180,3370
2180,3371
2180,3372
2180,3373
2180,3374
2180,3375
2180,3376
2180,3377
2180,3378
2180,3379
2180,3380
2180,3381
2180,3382
2180,3383
2180,3384
2180,3385
2180,3386
2180,3387
2180,3388
2180,3389
2180,3390
2180,3391
2180,3392
2180,3393
2180,3394
2180,3395
2180,3396
2180,3397
2180,3398
2180,3399
2180,3400
2180,3401
2180,3402
2180,3403
2180,3404
2180,3405
2180,3406
2180,3407
2180,3408
2180,3409
2180,3410
2180,3411
2180,3412
2180,3413
2180,3414
2180,3415
2180,3416
2180,3417
2180,3418
2180,3419
2180,3420
2180,3421
2180,3422
2180,3423
2180,3424
2180,3425
2180,3426
2180,3427
2180,3428
2180,3429
2180,3430
2180,3431
2180,3432
2180,3433
2180,3434
2180,3435
2180,3436
2180,3437
2180,3438
2180,3439
2180,3440
2180,3441
2180,3442
2180,3443
2180,3444
2180,3445
2180,3446
2180,3447
2180,3448
2180,3449
2180,3450
2180,3451
2180,3452
2180,3453
2180,3454
2180,3455
2180,3456
2180,3457
2180,3458
2180,3459
2180,3460
2180,3461
2180,3462
2180,3463
2180,3464
2180,3465
2180,3466
2180,3467
2180,3468
2180,3469
2180,3470
2180,3471
2180,3472
2180,3473
2180,3474
2180,3475
2180,3476
2180,3477
2180,3478
2180,3479
2180,3480
2180,3481
2180,3482
2180,3483
2180,3484
2180,3485
2180,3486
2180,3487
2180,3488
2180,3489
2180,3490
2180,3491
2180,3492
2180,3493
2180,3494
2180,3495
2180,3496
2180,3497
2180,3498
2180,3499
2180,3500
2180,3501
2180,3502
2180,3503
2180,3504
2180,3505
2180,3506
2180,3507
2180,3508
2180,3509
2180,3510
2180,3511
2180,3512
2180,3513
2180,3514
2180,3515
2180,3516
2180,3517
2180,3518
2180,3519
2180,3520
2180,3521
2180,3522
2180,3523
2180,3524
2180,3525
2180,3526
2180,3527
2180,3528
2180,3529
2180,3530
2180,3531
2180,3532
2180,3533
2180,3534
2180,3535
2180,3536
2180,3537
2180,3538
2180,3539
2180,3540
2180,3541
2180,3542
2180,3543
2180,3544
2180,3545
2180,3546
2180,3547
2180,3548
2180,3549
2180,3550
2180,3551
2180,3552
2180,3553
2180,3554
2180,3555
2180,3556
2180,3557
2180,3558
2180,3559
2180,3560
2180,3561
2180,3562
2180,3563
2180,3564
2180,3565
2180,3566
2180,3567
2180,3568
2180,3569
2180,3570
2180,3571
2180,3572
2180,3573
2180,3574
2180,3575
2180,3576
2180,3577
2180,3578
2180,3579
2180,3580
2180,3581
2180,3582
2180,3583
2180,3584
2180,3585
2180,3586
2180,3587
2180,3588
2180,3589
2180,3590
2180,3591
2180,3592
2180,3593
2180,3594
2180,3595
2180,3596
2180,3597
2180,3598
2180,3599
2180,3600
2180,3601
2180,3602
2180,3603
2180,3604
2180,3605
2180,3606
2180,3607
2180,3608
2180,3609
2180,3610
2180,3611
2180,3612
2180,3613
2180,3614
2180,3615
2180,3616
2180,3617
2180,3618
2180,3619
2180,3620
2180,3621
2180,3622
2181,3623
2182,3624
2183,3625
2184,3626
2185,3627
2186,3628
2187,3629
2188,3630
2189,3631
2190,3632
2191,3633
2192,3634
2193,3635
2194,3636
2195,3637
2196,3638
2197,3639
2198,3640
2199,3641
2200,3642
2201,3643
2202,3644
2203,3645
2204,3646
2205,3647
2206,3648
2207,3649
2208,3650
2209,3651
2210,3652
2211,3653
2212,3654
2213,3655
2214,3656
2215,3657
2216,3658
2217,3659
2218,3660
2219,3661
2220,3662
2221,3663
2222,3664
2223,3665
2224,3666
2225,3667
2226,3668
2227,3669
2228,3670
2229,3671
2230,3672
2231,3673
2232,3674
2233,3675
2234,3676
2235,3677
2236,3678
2237,3679
2238,3680
2239,3681
2240,3682
2241,3683
2242,3684
2243,3685
2244,3686
2245,3687
2246,3688
2247,3689
2248,3690
2249,3691
2250,3692
2251,3693
2252,3694
2253,3695
2254,3696
2255,3697
2256,3698
2257,3699
2258,3700
2259,3701
2260,3702
2261,3703
2262,3704
2263,3705
2264,3706
2265,3707
2266,3708
2267,3709
2268,3710
2269,3711
2270,3712
2271,3713
2272,3714
2273,3715
2274,3716
2275,3717
2276,3718
2277,3719
2278,3720
2279,3721
2280,3722
2281,3723
2282,3724
2283,3725
2284,3726
2285,3727
2286,3728
2287,3729
2288,3730
2289,3731
2290,3732
2291,3733
2292,3734
2293,3735
2294,3736
2295,3737
2296,3738
2297,3739
2298,3740
2299,3741
2300,3742
2301,3743
2302,3744
2303,3745
2304,3746
2305,3747
2306,3748
2307,3749
2308,3750
2309,3751
2310,3752
2311,3753
2312,3754
2313,3755
2314,3756
2315,3757
2316,3758
2317,3759
2318,3760
2319,3761
2320,3762
2321,3763
2322,3764
2323,3765
2324,3766
2325,3767
2326,3768
2327,3769
2328,3770
2329,3771
2330,3772
2331,3773
2332,3774
2333,3775
2334,3776
2335,3777
2336,3778
2337,3779
2338,3780
2339,3781
2340,3782
2341,3783
2342,3784
2343,3785
2344,3786
2345,3787
2346,3788
2347,3789
2348,3790
2349,3791
2350,3792
2351,3793
2352,3794
2353,3795
2354,3796
2355,3797
2356,3798
2357,3799
2358,3800
2359,3801
2360,3802
2360,3803
2360,3804
2360,3805
2360,3806
2360,3807
2360,3808
2360,3809
2360,3810
2360,3811
2360,3812
2360,3813
2360,3814
2360,3815
2360,3816
2360,3817
2360,3818
2360,3819
2360,3820
2360,3821
2360,3822
2360,3823
2360,3824
2360,3825
2360,3826
2360,3827
2360,3828
2360,3829
2360,3830
2360,3831
2360,3832
2360,3833
2360,3834
2360,3835
2360,3836
2360,3837
2360,3838
2360,3839
2360,3840
2360,3841
2360,3842
2360,3843
2360,3844
2360,3845
2360,3846
2360,3847
2360,3848
2360,3849
2360,3850
2360,3851
2360,3852
2360,3853
2360,3854
2360,3855
2360,3856
2360,3857
2360,3858
2360,3859
2360,3860
2360,3861
2360,3862
2360,3863
2360,3864
2360,3865
2360,3866
2360,3867
2360,3868
2360,3869
2360,3870
2360,3871
2360,3872
2360,3873
2360,3874
2360,3875
2360,3876
2360,3877
2360,3878
2360,3879
2360,3880
2360,3881
2360,3882
2360,3883
2361,3884
2362,3885
2363,3886
2364,3887
2365,3888
2366,3889
2367,3890
2368,3891
2369,3892
2370,3893
2371,3894
2372,3895
2373,3896
2374,3897
2375,3898
2376,3899
2377,3900
2378,3901
2379,3902
2380,3903
2381,3904
2382,3905
2383,3906
2384,3907
2385,3908
2386,3909
2387,3910
2388,3911
2389,3912
2390,3913
2391,3914
2392,3915
2393,3916
2394,3917
2395,3918
2396,3919
2397,3920
2398,3921
2399,3922
2400,3923
2400,3924
2401,3925
2402,3926
2403,3927
2404,3928
2405,3929
2406,3930
2407,3931
2408,3932
2409,3933
2410,3934
2411,3935
2412,3936
2413,3937
2414,3938
2415,3939
2416,3940
2417,3941
2418,3942
2419,3943
2420,3944
2421,3945
2422,3946
2423,3947
2424,3948
2425,3949
2426,3950
2427,3951
2428,3952
2429,3953
2430,3954
2431,3955
2432,3956
2433,3957
2434,3958
2435,3959
2436,3960
2437,3961
2438,3962
2439,3963
2440,3964
2441,3965
2442,3966
2443,3967
2444,3968
2445,3969
2446,3970
2447,3971
2448,3972
2449,3973
2450,3974
2451,3975
2452,3976
2453,3977
2454,3978
2455,3979
2456,3980
2457,3981
2458,3982
2459,3983
2460,3984
2461,3985
2462,3986
2463,3987
2464,3988
2465,3989
2466,3990
2467,3991
2468,3992
2469,3993
2470,3994
2471,3995
2472,3996
2473,3997
2474,3998
2475,3999
2476,4000
2477,4001
2478,4002
2479,4003
2480,4004
2481,4005
2482,4006
2483,4007
2484,4008
2485,4009
2486,4010
2487,4011
2488,4012
2489,4013
2490,4014
2491,4015
2492,4016
2493,4017
2494,4018
2495,4019
2496,4020
2497,4021
2498,4022
2499,4023
2500,4024
2501,4025
2502,4026
2503,4027
2504,4028
2505,4029
2506,4030
2507,4031
2508,4032
2509,4033
2510,4034
2511,4035
2512,4036
2513,4037
2514,4038
2515,4039
2516,4040
2517,4041
2518,4042
2519,4043
2520,4044
2521,4045
2522,4046
2523,4047
2524,4048
2525,4049
2526,4050
2527,4051
2528,4052
2529,4053
2530,4054
2531,4055
2532,4056
2533,4057
2534,4058
2535,4059
2536,4060
2537,4061
2538,4062
2539,4063
2540,4064
2541,4065
2542,4066
2543,4067
2544,4068
2545,4069
2546,4070
2547,4071
2548,4072
2549,4073
2550,4074
2551,4075
2552,4076
2553,4077
2554,4078
2555,4079
2556,4080
2557,4081
2558,4082
2559,4083
2560,4084
2561,4085
2562,4086
2563,4087
2564,4088
2565,4089
2566,4090
2567,4091
2568,4092
2569,4093
2570,4094
2571,4095
2572,4096
2573,4097
2574,4098
2575,4099
2576,4100
2577,4101
2578,4102
2579,4103
2580,4104
2581,4105
2582,4106
2583,4107
2584,4108
2585,4109
2586,4110
2587,4111
2588,4112
2589,4113
2590,4114
2591,4115
2592,4116
2593,4117
2594,4118
2595,4119
2596,4120
2597,4121
2598,4122
2599,4123
2600,4124
2601,4125
2602,4126
2603,4127
2604,4128
2605,4129
2606,4130
2607,4131
2608,4132
2609,4133
2610,4134
2611,4135
2612,4136
2613,4137
2614,4138
2615,4139
2616,4140
2617,4141
2618,4142
2619,4143
2620,4144
2621,4145
2622,4146
2623,4147
2624,4148
2625,4149
2626,4150
2627,4151
2628,4152
2629,4153
2630,4154
2631,4155
2632,4156
2633,4157
2634,4158
2635,4159
2636,4160
2637,4161
2638,4162
2639,4163
2640,4164
2640,4165
2640,4166
2640,4167
2640,4168
2640,4169
2640,4170
2640,4171
2640,4172
2640,4173
2640,4174
2640,4175
2640,4176
2640,4177
2640,4178
2640,4179
2640,4180
2640,4181
2640,4182
2640,4183
2640,4184
2640,4185
2640,4186
2640,4187
2640,4188
2640,4189
2640,4190
2640,4191
2640,4192
2640,4193
2640,4194
2640,4195
2640,4196
2640,4197
2640,4198
2640,4199
2640,4200
2640,4201
2640,4202
2640,4203
2640,4204
2640,4205
2640,4206
2640,4207
2640,4208
2640,4209
2640,4210
2640,4211
2640,4212
2640,4213
2640,4214
2640,4215
2640,4216
2640,4217
2640,4218
2640,4219
2640,4220
2640,4221
2640,4222
2640,4223
2640,4224
2640,4225
2640,4226
2640,4227
2640,4228
2640,4229
2640,4230
2640,4231
2640,4232
2640,4233
2640,4234
2640,4235
2640,4236
2640,4237
2640,4238
2640,4239
2640,4240
2640,4241
2640,4242
2640,4243
2640,4244
2640,4245
2640,4246
2640,4247
2640,4248
2640,4249
2640,4250
2640,4251
2640,4252
2640,4253
2640,4254
2640,4255
2640,4256
2640,4257
2640,4258
2640,4259
2640,4260
2640,4261
2640,4262
2640,4263
2640,4264
2640,4265
2640,4266
2640,4267
2640,4268
2640,4269
2640,4270
2640,4271
2640,4272
2640,4273
2640,4274
2640,4275
2640,4276
2640,4277
2640,4278
2640,4279
2640,4280
2640,4281
2640,4282
2640,4283
2640,4284
2640,4285
2640,4286
2640,4287
2640,4288
2640,4289
2640,4290
2640,4291
2640,4292
2640,4293
2641,4294
2642,4295
2643,4296
2644,4297
2645,4298
2646,4299
2647,4300
2648,4301
2649,4302
2650,4303
2651,4304
2652,4305
2653,4306
2654,4307
2655,4308
2656,4309
2657,4310
2658,4311
2659,4312
2660,4313
2661,4314
2662,4315
2663,4316
2664,4317
2665,4318
2666,4319
2667,4320
2668,4321
2669,4322
2670,4323
2671,4324
2672,4325
2673,4326
2674,4327
2675,4328
2676,4329
2677,4330
2678,4331
2679,4332
2680,4333
2681,4334
2682,4335
2683,4336
2684,4337
2685,4338
2686,4339
2687,4340
2688,4341
2689,4342
2690,4343
2691,4344
2692,4345
2693,4346
2694,4347
2695,4348
2696,4349
2697,4350
2698,4351
2699,4352
2700,4353
2701,4354
2702,4355
2703,4356
2704,4357
2705,4358
2706,4359
2707,4360
2708,4361
2709,4362
2710,4363
2711,4364
2712,4365
2713,4366
2714,4367
2715,4368
2716,4369
2717,4370
2718,4371
2719,4372
2720,4373
2720,4374
2720,4375
2720,4376
2720,4377
2720,4378
2720,4379
2720,4380
2720,4381
2720,4382
2720,4383
2720,4384
2720,4385
2720,4386
2720,4387
2720,4388
2720,4389
2720,4390
2720,4391
2720,4392
2720,4393
2720,4394
2720,4395
2720,4396
2720,4397
2720,4398
2720,4399
2720,4400
2720,4401
2720,4402
2720,4403
2720,4404
2720,4405
2720,4406
2720,4407
2720,4408
2720,4409
2720,4410
2720,4411
2720,4412
2720,4413
2720,4414
2720,4415
2720,4416
2720,4417
2720,4418
2720,4419
2720,4420
2720,4421
2720,4422
2720,4423
2720,4424
2720,4425
2720,4426
2720,4427
2720,4428
2720,4429
2720,4430
2720,4431
2720,4432
2720,4433
2720,4434
2720,4435
2720,4436
2720,4437
2720,4438
2720,4439
2720,4440
2720,4441
2720,4442
2720,4443
2720,4444
2720,4445
2720,4446
2720,4447
2720,4448
2720,4449
2720,4450
2720,4451
2720,4452
2720,4453
2720,4454
2720,4455
2720,4456
2720,4457
2720,4458
2720,4459
2720,4460
2720,4461
2720,4462
2720,4463
2720,4464
2720,4465
2720,4466
2720,4467
2720,4468
2720,4469
2720,4470
2720,4471
2720,4472
2720,4473
2720,4474
2720,4475
2720,4476
2720,4477
2720,4478
2720,4479
2720,4480
2720,4481
2720,4482
2720,4483
2720,4484
2720,4485
2720,4486
2720,4487
2720,4488
2720,4489
2720,4490
2720,4491
2720,4492
2720,4493
2720,4494
2720,4495
2720,4496
2720,4497
2720,4498
2720,4499
2720,4500
2720,4501
2720,4502
2720,4503
2720,4504
2720,4505
2720,4506
2720,4507
2720,4508
2720,4509
2720,4510
2720,4511
2720,4512
2720,4513
2720,4514
2720,4515
2720,4516
2720,4517
2720,4518
2720,4519
2720,4520
2720,4521
2720,4522
2720,4523
2720,4524
2720,4525
2720,4526
2720,4527
2720,4528
2720,4529
2720,4530
2720,4531
2720,4532
2720,4533
2720,4534
2720,4535
2720,4536
2720,4537
2720,4538
2720,4539
2720,4540
2720,4541
2720,4542
2720,4543
2720,4544
2720,4545
2720,4546
2720,4547
2720,4548
2720,4549
2720,4550
2720,4551
2720,4552
2720,4553
2720,4554
2720,4555
2720,4556
2720,4557
2720,4558
2720,4559
2720,4560
2720,4561
2720,4562
2720,4563
2720,4564
2720,4565
2720,4566
2720,4567
2720,4568
2720,4569
2720,4570
2721,4571
2722,4572
2723,4573
2724,4574
2725,4575
2726,4576
2727,4577
2728,4578
2729,4579
2730,4580
2731,4581
2732,4582
2733,4583
2734,4584
2735,4585
2736,4586
2737,4587
2738,4588
2739,4589
2740,4590
2741,4591
2742,4592
2743,4593
2744,4594
2745,4595
2746,4596
2747,4597
2748,4598
2749,4599
2750,4600
2751,4601
2752,4602
2753,4603
2754,4604
2755,4605
2756,4606
2757,4607
2758,4608
2759,4609
2760,4610
2761,4611
2762,4612
2763,4613
2764,4614
2765,4615
2766,4616
2767,4617
2768,4618
2769,4619
2770,4620
2771,4621
2772,4622
2773,4623
2774,4624
2775,4625
2776,4626
2777,4627
2778,4628
2779,4629
2780,4630
2781,4631
2782,4632
2783,4633
2784,4634
2785,4635
2786,4636
2787,4637
2788,4638
2789,4639
2790,4640
2791,4641
2792,4642
2793,4643
2794,4644
2795,4645
2796,4646
2797,4647
2798,4648
2799,4649
2800,4650
2800,4651
2800,4652
2800,4653
2800,4654
2800,4655
2800,4656
2800,4657
2800,4658
2800,4659
2800,4660
2800,4661
2800,4662
2800,4663
2800,4664
2800,4665
2800,4666
2800,4667
2800,4668
2800,4669
2800,4670
2800,4671
2800,4672
2800,4673
2800,4674
2801,4675
2802,4676
2803,4677
2804,4678
2805,4679
2806,4680
2807,4681
2808,4682
2809,4683
2810,4684
2811,4685
2812,4686
2813,4687
2814,4688
2815,4689
2816,4690
2817,4691
2818,4692
2819,4693
2820,4694
2821,4695
2822,4696
2823,4697
2824,4698
2825,4699
2826,4700
2827,4701
2828,4702
2829,4703
2830,4704
2831,4705
2832,4706
2833,4707
2834,4708
2835,4709
2836,4710
2837,4711
2838,4712
2839,4713
2840,4714
2841,4715
2842,4716
2843,4717
2844,4718
2845,4719
2846,4720
2847,4721
2848,4722
2849,4723
2850,4724
2851,4725
2852,4726
2853,4727
2854,4728
2855,4729
2856,4730
2857,4731
2858,4732
2859,4733
2860,4734
2861,4735
2862,4736
2863,4737
2864,4738
2865,4739
2866,4740
2867,4741
2868,4742
2869,4743
2870,4744
2871,4745
2872,4746
2873,4747
2874,4748
2875,4749
2876,4750
2877,4751
2878,4752
2879,4753
2880,4754
2880,4755
2881,4756
2882,4757
2883,4758
2884,4759
2885,4760
2886,4761
2887,4762
2888,4763
2889,4764
2890,4765
2891,4766
2892,4767
2893,4768
2894,4769
2895,4770
2896,4771
2897,4772
2898,4773
2899,4774
2900,4775
2901,4776
2902,4777
2903,4778
2904,4779
2905,4780
2906,4781
2907,4782
2908,4783
2909,4784
2910,4785
2911,4786
2912,4787
2913,4788
2914,4789
2915,4790
2916,4791
2917,4792
2918,4793
2919,4794
2920,4795
2921,4796
2922,4797
2923,4798
2924,4799
2925,4800
2926,4801
2927,4802
2928,4803
2929,4804
2930,4805
2931,4806
2932,4807
2933,4808
2934,4809
2935,4810
2936,4811
2937,4812
2938,4813
2939,4814
2940,4815
2941,4816
2942,4817
2943,4818
2944,4819
2945,4820
2946,4821
2947,4822
2948,4823
2949,4824
2950,4825
2951,4826
2952,4827
2953,4828
2954,4829
2955,4830
2956,4831
2957,4832
2958,4833
2959,4834
2960,4835
2961,4836
2962,4837
2963,4838
2964,4839
2965,4840
2966,4841
2967,4842
2968,4843
2969,4844
2970,4845
2971,4846
2972,4847
2973,4848
2974,4849
2975,4850
2976,4851
2977,4852
2978,4853
2979,4854
2980,4855
2981,4856
2982,4857
2983,4858
2984,4859
2985,4860
2986,4861
2987,4862
2988,4863
2989,4864
2990,4865
2991,4866
2992,4867
2993,4868
2994,4869
2995,4870
2996,4871
2997,4872
2998,4873
2999,4874
3000,4875
3001,4876
3002,4877
3003,4878
3004,4879
3005,4880
3006,4881
3007,4882
3008,4883
3009,4884
3010,4885
3011,4886
3012,4887
3013,4888
3014,4889
3015,4890
3016,4891
3017,4892
3018,4893
3019,4894
3020,4895
3021,4896
3022,4897
3023,4898
3024,4899
3025,4900
3026,4901
3027,4902
3028,4903
3029,4904
3030,4905
3031,4906
3032,4907
3033,4908
3034,4909
3035,4910
3036,4911
3037,4912
3038,4913
3039,4914
3040,4915
3041,4916
3042,4917
3043,4918
3044,4919
3045,4920
3046,4921
3047,4922
3048,4923
3049,4924
3050,4925
3051,4926
3052,4927
3053,4928
3054,4929
3055,4930
3056,4931
3057,4932
3058,4933
3059,4934
3060,4935
3061,4936
3062,4937
3063,4938
3064,4939
3065,4940
3066,4941
3067,4942
3068,4943
3069,4944
3070,4945
3071,4946
3072,4947
3073,4948
3074,4949
3075,4950
3076,4951
3077,4952
3078,4953
3079,4954
3080,4955
3081,4956
3082,4957
3083,4958
3084,4959
3085,4960
3086,4961
3087,4962
3088,4963
3089,4964
3090,4965
3091,4966
3092,4967
3093,4968
3094,4969
3095,4970
3096,4971
3097,4972
3098,4973
3099,4974
3100,4975
3101,4976
3102,4977
3103,4978
3104,4979
3105,4980
3106,4981
3107,4982
3108,4983
3109,4984
3110,4984
3111,4984
3112,4985
3113,4986
3114,4987
3115,4988
3116,4989
3117,4990
3118,4991
3119,4992
3120,4993
3121,4994
3122,4995
3123,4996
3124,4997
3125,4998
3126,4999
3127,5000
3128,5001
3129,5002
3130,5003
3131,5004
3132,5005
3133,5006
3134,5007
3135,5008
3136,5009
3137,5010
3138,5011
3139,5012
3140,5013
3141,5014
3142,5015
3143,5016
3144,5017
3145,5018
3146,5019
3147,5020
3148,5021
3149,5022
3150,5023
3151,5024
3152,5025
3153,5026
3154,5027
3155,5028
3156,5029
3157,5030
3158,5031
3159,5032
3160,5033
3161,5034
3162,5035
3163,5036
3164,5037
3165,5038
3166,5039
3167,5040
3168,5041
3169,5042
3170,5043
3171,5044
3172,5045
3173,5046
3174,5047
3175,5048
3176,5049
3177,5050
3178,5051
3179,5052
3180,5053
3181,5054
3182,5055
3183,5056
3184,5057
3185,5058
3186,5059
3187,5060
3188,5061
3189,5062
3190,5063
3191,5064
3192,5065
3193,5066
3194,5067
3195,5068
3196,5069
3197,5070
3198,5071
3199,5072
3200,5073
3201,5074
3202,5075
3203,5076
3204,5077
3205,5078
3206,5079
3207,5080
3208,5081
3209,5082
3210,5083
3211,5084
3212,5085
3213,5086
3214,5087
3215,5088
3216,5089
3217,5090
3218,5091
3219,5092
3220,5093
3220,5094
3220,5095
3220,5096
3220,5097
3220,5098
3220,5099
3220,5100
3220,5101
3220,5102
3220,5103
3220,5104
3220,5105
3220,5106
3220,5107
3220,5108
3220,5109
3220,5110
3220,5111
3220,5112
3220,5113
3220,5114
3220,5115
3220,5116
3220,5117
3220,5118
3220,5119
3220,5120
3220,5121
3220,5122
3220,5123
3220,5124
3220,5125
3220,5126
3220,5127
3220,5128
3220,5129
3220,5130
3220,5131
3220,5132
3220,5133
3220,5134
3220,5135
3220,5136
3220,5137
3220,5138
3220,5139
3220,5140
3220,5141
3220,5142
3220,5143
3220,5144
3220,5145
3220,5146
3220,5147
3220,5148
3220,5149
3220,5150
3220,5151
3220,5152
3220,5153
3220,5154
3220,5155
3220,5156
3220,5157
3220,5158
3220,5159
3220,5160
3220,5161
3220,5162
3220,5163
3220,5164
3220,5165
3220,5166
3220,5167
3220,5168
3220,5169
3220,5170
3220,5171
3220,5172
3220,5173
3220,5174
3220,5175
3220,5176
3220,5177
3220,5178
3220,5179
3220,5180
3220,5181
3220,5182
3220,5183
3220,5184
3220,5185
3220,5186
3220,5187
3220,5188
3220,5189
3220,5190
3220,5191
3220,5192
3220,5193
3220,5194
3220,5195
3220,5196
3220,5197
3220,5198
3220,5199
3220,5200
3220,5201
3220,5202
3220,5203
3220,5204
3220,5205
3220,5206
3220,5207
3220,5208
3220,5209
3220,5210
3220,5211
3220,5212
3220,5213
3220,5214
3220,5215
3220,5216
3220,5217
3220,5218
3220,5219
3220,5220
3220,5221
3220,5222
3220,5223
3220,5224
3220,5225
3220,5226
3220,5227
3220,5228
3220,5229
3220,5230
3220,5231
3220,5232
3220,5233
3220,5234
3220,5235
3220,5236
3220,5237
3220,5238
3220,5239
3220,5240
3220,5241
3220,5242
3220,5243
3220,5244
3220,5245
3220,5246
3220,5247
3220,5248
3220,5249
3220,5250
3220,5251
3220,5252
3220,5253
3220,5254
3220,5255
3220,5256
3220,5257
3220,5258
3220,5259
3220,5260
3220,5261
3220,5262
3220,5263
3220,5264
3220,5265
3220,5266
3220,5267
3220,5268
3220,5269
3220,5270
3220,5271
3220,5272
3220,5273
3220,5274
3220,5275
3220,5276
3220,5277
3220,5278
3220,5279
3220,5280
3220,5281
3220,5282
3220,5283
3220,5284
3220,5285
3220,5286
3220,5287
3220,5288
3220,5289
3220,5290
3220,5291
3220,5292
3220,5293
3220,5294
3220,5295
3220,5296
3220,5297
3220,5298
3220,5299
3220,5300
3220,5301
3220,5302
3220,5303
3220,5304
3220,5305
3220,5306
3220,5307
3220,5308
3220,5309
3220,5310
3220,5311
3220,5312
3220,5313
3220,5314
3220,5315
3220,5316
3220,5317
3220,5318
3220,5319
3220,5320
3220,5321
3220,5322
3220,5323
3220,5324
3220,5325
3220,5326
3220,5327
3220,5328
3220,5329
3220,5330
3220,5331
3220,5332
3220,5333
3220,5334
3220,5335
3220,5336
3220,5337
3220,5338
3220,5339
3220,5340
3220,5341
3220,5342
3220,5343
3220,5344
3220,5345
3220,5346
3220,5347
3220,5348
3220,5349
3220,5350
3220,5351
3220,5352
3220,5353
3220,5354
3220,5355
3220,5356
3220,5357
3220,5358
3220,5359
3220,5360
3220,5361
3220,5362
3220,5363
3220,5364
3220,5365
3220,5366
3220,5367
3220,5368
3220,5369
3220,5370
3220,5371
3220,5372
3220,5373
3220,5374
3220,5375
3220,5376
3220,5377
3220,5378
3220,5379
3220,5380
3220,5381
3220,5382
3220,5383
3220,5384
3220,5385
3220,5386
3220,5387
3220,5388
3220,5389
3220,5390
3220,5391
3220,5392
3220,5393
3220,5394
3220,5395
3220,5396
3220,5397
3220,5398
3220,5399
3220,5400
3220,5401
3220,5402
3220,5403
3220,5404
3220,5405
3220,5406
3220,5407
3220,5408
3220,5409
3220,5410
3220,5411
3220,5412
3220,5413
3220,5414
3220,5415
3220,5416
3220,5417
3220,5418
3220,5419
3220,5420
3220,5421
3221,5422
3222,5423
3223,5424
3224,5425
3225,5426
3226,5427
3227,5428
3228,5429
3229,5430
3230,5431
3231,5432
3232,5433
3233,5434
3234,5435
3235,5436
3236,5437
3237,5438
3238,5439
3239,5440
3240,5441
3241,5442
3242,5443
3243,5444
3244,5445
3245,5446
3246,5447
3247,5448
3248,5449
3249,5450
3250,5451
3251,5452
3252,5453
3253,5454
3254,5455
3255,5456
3256,5457
3257,5458
3258,5459
3259,5460
3260,5461
3261,5462
3262,5463
3263,5464
3264,5465
3265,5466
3266,5467
3267,5468
3268,5469
3269,5470
3270,5471
3271,5472
3272,5473
3273,5474
3274,5475
3275,5476
3276,5477
3277,5478
3278,5479
3279,5480
3280,5481
3281,5482
3282,5483
3283,5484
3284,5485
3285,5486
3286,5487
3287,5488
3288,5489
3289,5490
3290,5491
3291,5492
3292,5493
3293,5494
3294,5495
3295,5496
3296,5497
3297,5498
3298,5499
3299,5500
3300,5501
3301,5502
3302,5503
3303,5504
3304,5505
3305,5506
3306,5507
3307,5508
3308,5509
3309,5510
3310,5511
3311,5512
3312,5513
3313,5514
3314,5515
3315,5516
3316,5517
3317,5518
3318,5519
3319,5520
3320,5521
3321,5522
3322,5523
3323,5524
3324,5525
3325,5526
3326,5527
3327,5528
3328,5529
3329,5530
3330,5531
3331,5532
3332,5533
3333,5534
3334,5535
3335,5536
3336,5537
3337,5538
3338,5539
3339,5540
3340,5541
3341,5542
3342,5543
3343,5544
3344,5545
3345,5546
3346,5547
3347,5548
3348,5549
3349,5550
3350,5551
3351,5552
3352,5553
3353,5554
3354,5555
3355,5556
3356,5557
3357,5558
3358,5559
3359,5560
3360,5561
3361,5562
3362,5563
3363,5564
3364,5565
3365,5566
3366,5567
3367,5568
3368,5569
3369,5570
3370,5571
3371,5572
3372,5573
3373,5574
3374,5575
3375,5576
3376,5577
3377,5578
3378,5579
3379,5580
3380,5581
3381,5582
3382,5583
3383,5584
3384,5585
3385,5586
3386,5587
3387,5588
3388,5589
3389,5590
3390,5591
3391,5592
3392,5593
3393,5594
3394,5595
3395,5596
3396,5597
3397,5598
3398,5599
3399,5600
3400,5601
3400,5602
3400,5603
3400,5604
3400,5605
3400,5606
3400,5607
3400,5608
3400,5609
3400,5610
3400,5611
3400,5612
3400,5613
3400,5614
3400,5615
3400,5616
3400,5617
3400,5618
3400,5619
3400,5620
3400,5621
3400,5622
3400,5623
3400,5624
3400,5625
3400,5626
3400,5627
3400,5628
3400,5629
3400,5630
3400,5631
3400,5632
3400,5633
3400,5634
3400,5635
3400,5636
3400,5637
3400,5638
3400,5639
3400,5640
3400,5641
3400,5642
3400,5643
3400,5644
3400,5645
3400,5646
3400,5647
3400,5648
3400,5649
3400,5650
3400,5651
3400,5652
3400,5653
3400,5654
3400,5655
3400,5656
3400,5657
3400,5658
3400,5659
3400,5660
3400,5661
3400,5662
3400,5663
3400,5664
3400,5665
3400,5666
3400,5667
3400,5668
3400,5669
3400,5670
3400,5671
3400,5672
3400,5673
3400,5674
3400,5675
3400,5676
3400,5677
3400,5678
3400,5679
3400,5680
3400,5681
3400,5682
3400,5683
3400,5684
3400,5685
3400,5686
3400,5687
3400,5688
3400,5689
3400,5690
3400,5691
3400,5692
3400,5693
3400,5694
3400,5695
3400,5696
3400,5697
3400,5698
3400,5699
3400,5700
3400,5701
3400,5702
3400,5703
3400,5704
3400,5705
3400,5706
3400,5707
3400,5708
3400,5709
3400,5710
3400,5711
3400,5712
3400,5713
3400,5714
3400,5715
3400,5716
3400,5717
3400,5718
3400,5719
3400,5720
3400,5721
3400,5722
3400,5723
3400,5724
3400,5725
3400,5726
3400,5727
3400,5728
3400,5729
3400,5730
3400,5731
3400,5732
3400,5733
3400,5734
3400,5735
3400,5736
3400,5737
3400,5738
3400,5739
3400,5740
3400,5741
3400,5742
3400,5743
3400,5744
3400,5745
3400,5746
3400,5747
3400,5748
3400,5749
3400,5750
3400,5751
3400,5752
3400,5753
3400,5754
3400,5755
3400,5756
3400,5757
3400,5758
3400,5759
3400,5760
3400,5761
3400,5762
3400,5763
3400,5764
3400,5765
3400,5766
3400,5767
3400,5768
3400,5769
3400,5770
3400,5771
3400,5772
3400,5773
3400,5774
3400,5775
3400,5776
3400,5777
3400,5778
3400,5779
3400,5780
3400,5781
3400,5782
3400,5783
3400,5784
3400,5785
3400,5786
3400,5787
3400,5788
3400,5789
3400,5790
3400,5791
3400,5792
3400,5793
3400,5794
3400,5795
3400,5796
3400,5797
3400,5798
3400,5799
3400,5800
3400,5801
3400,5802
3400,5803
3400,5804
3400,5805
3400,5806
3400,5807
3400,5808
3400,5809
3400,5810
3400,5811
3400,5812
3400,5813
3400,5814
3400,5815
3400,5816
3400,5817
3400,5818
3400,5819
3400,5820
3400,5821
3400,5822
3400,5823
3400,5824
3400,5825
3400,5826
3400,5827
3400,5828
3400,5829
3400,5830
3401,5831
3402,5832
3403,5833
3404,5834
3405,5835
3406,5836
3407,5837
3408,5838
3409,5839
3410,5840
3411,5841
3412,5842
3413,5843
3414,5844
3415,5845
3416,5846
3417,5847
3418,5848
3419,5849
3420,5850
3421,5851
3422,5852
3423,5853
3424,5854
3425,5855
3426,5856
3427,5857
3428,5858
3429,5859
3430,5860
3431,5861
3432,5862
3433,5863
3434,5864
3435,5865
3436,5866
3437,5867
3438,5868
3439,5869
3440,5870
3441,5871
3442,5872
3443,5873
3444,5874
3445,5875
3446,5876
3447,5877
3448,5878
3449,5879
3450,5880
3451,5881
3452,5882
3453,5883
3454,5884
3455,5885
3456,5886
3457,5887
3458,5888
3459,5889
3460,5890
3461,5891
3462,5892
3463,5893
3464,5894
3465,5895
3466,5896
3467,5897
3468,5898
3469,5899
3470,5900
3471,5901
3472,5902
3473,5903
3474,5904
3475,5905
3476,5906
3477,5907
3478,5908
3479,5909
3480,5910
